,User,Social2,null,resp_time,other_relaxing,other_working,relaxing,working,location
12,u00,,,2013-04-09 06:13:44,2.0,2.0,2.0,3.0,
13,u00,,,2013-04-09 20:11:32,1.0,4.0,1.0,1.0,
14,u00,,,2013-04-10 07:16:12,1.0,4.0,1.0,3.0,
15,u00,,,2013-04-17 20:27:22,1.0,5.0,1.0,1.0,
16,u00,,,2013-04-18 21:07:12,1.0,3.0,1.0,2.0,null
17,u00,,,2013-04-11 15:14:01,1.0,3.0,1.0,2.0,
18,u00,,,2013-04-14 06:48:33,4.0,3.0,2.0,2.0,
19,u00,,,2013-04-15 06:10:01,5.0,1.0,1.0,1.0,
20,u00,,,2013-04-24 22:07:22,1.0,1.0,4.0,3.0,"43.75923622,-72.32892739"
21,u00,,,2013-04-22 20:25:02,1.0,1.0,1.0,3.0,"43.70043872,-72.28947989"
22,u00,,,2013-04-28 19:23:48,1.0,5.0,3.0,2.0,Unknown
23,u00,,,2013-04-25 17:23:18,2.0,4.0,3.0,2.0,"43.70538232,-72.28829514"
24,u00,,,2013-04-26 17:21:00,1.0,3.0,1.0,2.0,"43.73657036,-72.31722019"
25,u00,,,2013-05-16 22:21:39,1.0,3.0,1.0,3.0,"41.86801662,-71.42865865"
26,u00,,,2013-05-15 22:16:13,1.0,2.0,1.0,2.0,"43.7063807,-72.28761844"
27,u00,,,2013-06-02 19:32:45,1.0,2.0,3.0,2.0,"43.75938059,-72.32893392"
28,u00,,,2013-06-04 19:44:20,1.0,1.0,1.0,1.0,"43.70027628,-72.29281137"
29,u00,,,2013-06-07 19:45:55,1.0,3.0,1.0,3.0,"43.7074347,-72.28743734"
30,u00,,,2013-08-10 03:43:54,1.0,1.0,1.0,1.0,"43.70579481,-72.28577693"
37,u01,,,2013-04-09 06:54:31,3.0,2.0,2.0,2.0,
38,u01,,,2013-04-18 20:56:51,3.0,2.0,4.0,1.0,null
39,u01,,,2013-04-12 08:21:35,4.0,2.0,1.0,2.0,
46,u02,,,2013-04-08 05:16:32,2.0,2.0,1.0,2.0,
47,u02,,,2013-04-10 09:45:01,1.0,3.0,1.0,3.0,
48,u02,,,2013-04-11 06:00:38,1.0,3.0,1.0,2.0,
49,u02,,,2013-04-12 06:02:09,2.0,3.0,1.0,2.0,
50,u02,,,2013-04-15 06:01:26,1.0,3.0,1.0,3.0,
51,u02,,,2013-04-14 06:28:59,3.0,2.0,1.0,1.0,
52,u02,,,2013-04-27 17:16:59,2.0,2.0,1.0,3.0,"43.70715614,-72.29313627"
53,u02,,,2013-05-06 07:34:28,4.0,1.0,1.0,2.0,"43.70728638,-72.29279535"
61,u03,,,2013-04-08 05:46:26,3.0,1.0,1.0,2.0,
62,u03,,,2013-04-10 16:01:30,1.0,1.0,2.0,3.0,
63,u03,,,2013-04-12 08:10:50,1.0,1.0,3.0,2.0,
64,u03,,,2013-04-15 06:00:07,1.0,1.0,3.0,3.0,
65,u03,,,2013-04-21 17:17:33,3.0,1.0,1.0,2.0,"43.70536261,-72.28318195"
66,u03,,,2013-04-22 15:23:11,1.0,2.0,1.0,3.0,"43.70535398,-72.28320533"
67,u03,,,2013-04-24 00:59:50,1.0,1.0,2.0,4.0,"43.70529062,-72.2832795"
68,u03,,,2013-04-28 18:35:43,2.0,1.0,1.0,4.0,"43.70520757,-72.28296334"
69,u03,,,2013-04-25 17:33:09,1.0,1.0,2.0,3.0,"43.70545245,-72.2829737"
70,u03,,,2013-05-06 01:18:33,3.0,1.0,2.0,1.0,"43.70534815,-72.28310122"
71,u03,,,2013-05-12 19:33:59,2.0,1.0,3.0,1.0,"43.70579533,-72.28356911"
81,u04,,,2013-04-08 04:19:24,3.0,2.0,3.0,1.0,
84,u04,,,2013-04-09 07:03:21,2.0,3.0,2.0,3.0,
85,u04,,,2013-04-12 02:04:45,3.0,1.0,3.0,2.0,
86,u04,,,2013-04-11 06:27:51,2.0,1.0,3.0,2.0,
87,u04,,,2013-04-12 04:39:24,2.0,1.0,3.0,2.0,
88,u04,,,2013-04-12 02:04:34,3.0,1.0,3.0,2.0,
89,u04,,,2013-04-12 16:58:07,3.0,1.0,3.0,2.0,
90,u04,,,2013-04-13 14:38:25,2.0,3.0,3.0,2.0,
91,u04,,,2013-04-22 23:01:29,2.0,2.0,3.0,2.0,"43.70623282,-72.28816572"
92,u04,,,2013-04-28 19:00:14,3.0,3.0,3.0,1.0,"43.70425558,-72.28583424"
93,u04,,,2013-04-27 17:26:33,3.0,2.0,2.0,2.0,"43.70427751,-72.28593045"
94,u04,,,2013-04-26 17:29:12,2.0,2.0,3.0,2.0,"43.70403989,-72.28593925"
95,u04,,,2013-05-15 23:19:09,2.0,2.0,3.0,2.0,"43.7026866,-72.28761377"
114,u07,,,2013-04-10 17:56:44,1.0,1.0,3.0,2.0,
115,u07,,,2013-04-11 09:31:26,2.0,1.0,2.0,3.0,
116,u07,,,2013-04-12 08:19:44,2.0,1.0,2.0,4.0,
117,u07,,,2013-04-17 08:10:54,1.0,3.0,2.0,2.0,
118,u07,,,2013-04-18 18:37:29,1.0,1.0,2.0,3.0,null
119,u07,,,2013-04-18 00:34:38,1.0,3.0,1.0,2.0,
120,u07,,,2013-04-20 06:50:46,2.0,1.0,2.0,2.0,"43.70392925,-72.28380701"
121,u07,,,2013-04-23 21:26:34,1.0,1.0,2.0,3.0,"43.70425769,-72.28391582"
122,u07,,,2013-04-26 17:25:42,1.0,1.0,1.0,1.0,"43.70410593,-72.28433421"
137,u08,,,2013-04-09 09:35:42,1.0,3.0,2.0,2.0,
138,u08,,,2013-04-10 10:32:55,2.0,2.0,2.0,3.0,
139,u08,,,2013-04-10 17:49:29,2.0,2.0,2.0,3.0,
140,u08,,,2013-04-18 20:32:15,2.0,3.0,2.0,3.0,null
141,u08,,,2013-04-13 01:57:21,2.0,3.0,2.0,3.0,
142,u08,,,2013-04-12 02:20:12,1.0,2.0,2.0,3.0,
143,u08,,,2013-04-13 11:33:42,2.0,2.0,2.0,3.0,
144,u08,,,2013-04-15 04:07:00,1.0,3.0,2.0,3.0,
145,u08,,,2013-04-15 07:02:26,2.0,2.0,2.0,3.0,
146,u08,,,2013-04-16 04:12:26,2.0,3.0,2.0,3.0,
147,u08,,,2013-04-17 03:56:37,2.0,3.0,2.0,3.0,
148,u08,,,2013-04-18 06:04:46,1.0,3.0,2.0,3.0,
149,u08,,,2013-04-20 20:19:28,1.0,1.0,1.0,4.0,"43.70518194,-72.28800233"
150,u08,,,2013-04-21 20:19:02,1.0,1.0,1.0,4.0,"43.70406215,-72.28755806"
151,u08,,,2013-04-21 20:19:07,1.0,1.0,1.0,4.0,"43.70406215,-72.28755806"
152,u08,,,2013-04-24 21:09:29,1.0,1.0,1.0,4.0,"43.70466963,-72.28690138"
153,u08,,,2013-04-23 22:43:55,1.0,1.0,1.0,5.0,"43.70522947,-72.29139506"
154,u08,,,2013-04-22 20:34:32,1.0,1.0,1.0,1.0,"43.7052687,-72.28811786"
155,u08,,,2013-04-23 06:28:05,1.0,1.0,1.0,5.0,"43.7052687,-72.28811786"
156,u08,,,2013-04-26 19:01:37,1.0,3.0,1.0,3.0,"43.7037697,-72.28671187"
157,u08,,,2013-05-01 19:01:52,1.0,1.0,1.0,5.0,"43.7052922,-72.2885156"
158,u08,,,2013-05-01 09:15:42,1.0,5.0,1.0,2.0,"43.70708811,-72.28767562"
159,u08,,,2013-05-05 09:18:43,1.0,1.0,1.0,5.0,"43.7037094,-72.28660102"
160,u08,,,2013-05-07 03:48:31,1.0,3.0,1.0,3.0,"43.7049437,-72.28880281"
161,u08,,,2013-05-15 18:09:01,1.0,1.0,1.0,5.0,"43.70386267,-72.288915"
162,u08,,,2013-05-19 22:36:31,1.0,1.0,1.0,5.0,"43.70573461,-72.28972765"
163,u08,,,2013-05-23 13:37:58,1.0,5.0,1.0,1.0,"43.70447785,-72.29155849"
175,u10,,,2013-04-08 04:03:23,1.0,1.0,2.0,3.0,
177,u10,,,2013-04-09 07:52:56,1.0,1.0,2.0,2.0,
178,u10,,,2013-04-10 07:31:54,1.0,1.0,1.0,3.0,
179,u10,,,2013-04-11 06:18:54,1.0,1.0,1.0,3.0,
180,u10,,,2013-04-15 07:56:04,1.0,1.0,1.0,3.0,
181,u10,,,2013-04-12 06:24:33,1.0,1.0,1.0,3.0,
182,u10,,,2013-04-13 06:21:13,1.0,1.0,1.0,3.0,
183,u10,,,2013-04-14 08:08:23,1.0,1.0,1.0,3.0,
184,u10,,,2013-04-22 01:56:39,1.0,1.0,1.0,2.0,"43.70382325,-72.28819291"
185,u10,,,2013-04-22 20:17:20,2.0,1.0,1.0,2.0,"43.70324408,-72.28961597"
186,u10,,,2013-04-24 17:21:24,1.0,1.0,1.0,4.0,"43.70324408,-72.28961597"
187,u10,,,2013-04-25 17:53:09,1.0,1.0,2.0,4.0,"43.70330372,-72.2898598"
188,u10,,,2013-04-26 17:44:10,1.0,1.0,1.0,4.0,"43.70330372,-72.2898598"
189,u10,,,2013-04-28 18:08:16,1.0,1.0,2.0,3.0,"43.70151131,-72.28813703"
197,u12,,,2013-04-08 04:29:42,1.0,1.0,1.0,5.0,
198,u12,,,2013-04-11 18:56:04,1.0,1.0,1.0,4.0,
199,u12,,,2013-04-10 07:25:06,1.0,3.0,1.0,3.0,
200,u12,,,2013-04-13 22:23:12,1.0,1.0,1.0,5.0,
201,u12,,,2013-04-14 06:02:27,1.0,1.0,1.0,5.0,
202,u12,,,2013-04-15 06:11:54,1.0,1.0,1.0,5.0,
209,u14,,,2013-04-08 04:08:44,2.0,3.0,1.0,1.0,
210,u14,,,2013-04-09 07:34:53,2.0,3.0,1.0,3.0,
211,u14,,,2013-04-12 09:17:03,3.0,1.0,3.0,2.0,
212,u14,,,2013-04-15 16:39:34,2.0,4.0,1.0,1.0,
213,u14,,,2013-04-21 20:33:14,2.0,4.0,1.0,1.0,"43.70497161,-72.28670851"
214,u14,,,2013-04-24 17:17:34,2.0,1.0,2.0,3.0,"43.7048191,-72.2868582"
215,u14,,,2013-04-25 18:07:10,3.0,2.0,3.0,3.0,"43.70453787,-72.28741118"
216,u14,,,2013-04-28 19:25:25,3.0,3.0,1.0,1.0,"42.34885369,-71.13112232"
221,u15,,,2013-04-17 03:03:22,3.0,3.0,1.0,1.0,
222,u15,,,2013-04-15 06:08:37,4.0,2.0,1.0,1.0,
223,u15,,,2013-04-18 20:17:01,3.0,2.0,2.0,1.0,
230,u16,,,2013-04-10 02:33:49,3.0,1.0,1.0,4.0,
231,u16,,,2013-04-12 06:46:01,2.0,2.0,1.0,3.0,
232,u16,,,2013-04-15 06:38:08,1.0,3.0,1.0,3.0,
233,u16,,,2013-04-14 06:00:21,1.0,3.0,1.0,4.0,
234,u16,,,2013-04-18 02:36:08,3.0,1.0,2.0,2.0,
235,u16,,,2013-04-20 16:45:13,3.0,1.0,1.0,4.0,"43.70381863,-72.2910568"
236,u16,,,2013-04-21 20:17:56,2.0,3.0,1.0,3.0,"43.70379379,-72.29137476"
237,u16,,,2013-04-22 20:01:19,1.0,2.0,1.0,4.0,"43.70366774,-72.29147122"
238,u16,,,2013-04-23 17:46:41,1.0,3.0,1.0,3.0,"43.70416336,-72.29174706"
239,u16,,,2013-04-27 04:34:21,1.0,4.0,1.0,1.0,"43.70383449,-72.29122954"
240,u16,,,2013-04-27 19:01:34,1.0,1.0,1.0,4.0,"43.70383449,-72.29122954"
241,u16,,,2013-04-28 18:23:22,1.0,3.0,1.0,3.0,"43.70380827,-72.290783"
242,u16,,,2013-04-29 20:48:46,1.0,1.0,1.0,4.0,"43.70435459,-72.29034651"
243,u16,,,2013-05-12 19:16:23,5.0,1.0,1.0,2.0,Unknown
244,u16,,,2013-05-04 18:19:47,4.0,1.0,2.0,1.0,"43.70355342,-72.29047722"
245,u16,,,2013-05-11 16:34:50,4.0,1.0,2.0,1.0,"43.70317722,-72.28939878"
246,u16,,,2013-05-15 21:34:06,2.0,2.0,1.0,4.0,"43.70374249,-72.29050587"
247,u16,,,2013-05-10 18:58:43,2.0,1.0,2.0,3.0,Unknown
248,u16,,,2013-05-08 20:33:06,3.0,1.0,1.0,3.0,"43.70444528,-72.29050901"
249,u16,,,2013-05-14 22:25:33,2.0,3.0,1.0,2.0,"43.70391463,-72.28988644"
250,u16,,,2013-05-13 21:31:10,3.0,2.0,1.0,2.0,"43.70339979,-72.28817654"
251,u16,,,2013-05-16 22:28:24,2.0,1.0,2.0,4.0,Unknown
252,u16,,,2013-05-17 22:23:48,2.0,2.0,1.0,4.0,"43.70695744,-72.28713032"
253,u16,,,2013-05-29 15:45:46,1.0,4.0,2.0,2.0,"43.68753666,-72.29250241"
254,u16,,,2013-05-28 05:42:19,1.0,1.0,1.0,4.0,"43.68753666,-72.29250241"
259,u17,,,2013-04-09 06:08:31,1.0,1.0,1.0,4.0,
264,u17,,,2013-04-10 08:20:24,1.0,2.0,2.0,4.0,
265,u17,,,2013-04-15 08:26:38,1.0,1.0,1.0,5.0,
266,u17,,,2013-04-12 09:06:37,1.0,1.0,2.0,4.0,
267,u17,,,2013-04-13 08:56:40,1.0,2.0,1.0,4.0,
268,u17,,,2013-04-13 19:33:26,1.0,1.0,2.0,5.0,
269,u17,,,2013-04-14 09:08:07,1.0,1.0,2.0,5.0,
270,u17,,,2013-04-16 23:50:33,1.0,1.0,1.0,5.0,
271,u17,,,2013-04-18 21:09:58,1.0,1.0,2.0,5.0,null
272,u17,,,2013-04-19 02:32:38,1.0,1.0,2.0,5.0,"43.70237732,-72.28914013"
273,u17,,,2013-04-20 19:42:17,1.0,2.0,1.0,5.0,Unknown
274,u17,,,2013-04-21 08:48:55,1.0,1.0,2.0,5.0,Unknown
275,u17,,,2013-04-21 22:09:25,1.0,1.0,2.0,5.0,Unknown
276,u17,,,2013-04-26 17:17:48,1.0,1.0,2.0,5.0,"43.7060191,-72.28758328"
277,u17,,,2013-04-28 00:23:16,1.0,1.0,1.0,5.0,"43.70366438,-72.2901632"
278,u17,,,2013-04-26 09:04:51,1.0,1.0,2.0,5.0,"43.7060191,-72.28758328"
279,u17,,,2013-04-29 04:28:18,1.0,1.0,1.0,5.0,Unknown
280,u17,,,2013-05-15 22:23:28,1.0,1.0,1.0,5.0,"43.704622379999996,-72.29115798"
281,u17,,,2013-05-24 12:06:31,1.0,1.0,1.0,5.0,Unknown
285,u18,,,2013-04-08 04:10:23,1.0,1.0,1.0,1.0,
286,u18,,,2013-04-09 23:54:08,1.0,2.0,2.0,3.0,
287,u18,,,2013-04-10 07:56:29,4.0,1.0,1.0,1.0,
288,u18,,,2013-04-12 06:23:43,1.0,4.0,1.0,1.0,
289,u18,,,2013-04-11 09:44:56,1.0,1.0,1.0,1.0,
290,u18,,,2013-04-16 16:50:35,3.0,3.0,1.0,2.0,
291,u18,,,2013-04-11 20:05:30,1.0,3.0,2.0,2.0,
292,u18,,,2013-04-19 03:22:50,2.0,1.0,3.0,2.0,"43.70264346,-72.28707"
293,u18,,,2013-04-21 06:17:43,1.0,1.0,5.0,1.0,"43.70724964,-72.28892471"
294,u18,,,2013-04-21 16:06:23,1.0,1.0,4.0,2.0,"43.70734979,-72.28910436"
295,u18,,,2013-04-21 20:00:48,1.0,1.0,1.0,1.0,"43.70747855,-72.28919547"
296,u18,,,2013-04-25 17:16:12,1.0,1.0,1.0,1.0,Unknown
297,u18,,,2013-04-26 17:16:06,1.0,5.0,1.0,1.0,"43.70659959,-72.28686749"
307,u19,,,2013-04-08 04:26:12,1.0,2.0,1.0,5.0,
308,u19,,,2013-04-09 03:27:22,1.0,2.0,1.0,5.0,
309,u19,,,2013-04-09 06:32:06,1.0,2.0,1.0,5.0,
310,u19,,,2013-04-10 06:15:50,2.0,2.0,1.0,3.0,
311,u19,,,2013-04-11 07:17:35,1.0,2.0,1.0,5.0,
312,u19,,,2013-04-14 04:16:20,3.0,2.0,1.0,3.0,
313,u19,,,2013-04-15 06:31:18,4.0,1.0,1.0,3.0,
314,u19,,,2013-04-12 06:25:02,1.0,3.0,1.0,4.0,
315,u19,,,2013-04-16 09:21:48,2.0,3.0,1.0,3.0,
316,u19,,,2013-04-19 08:29:49,2.0,2.0,1.0,4.0,"43.70734975,-72.28629956"
317,u19,,,2013-04-21 08:12:07,2.0,1.0,1.0,3.0,"43.7067391,-72.28556913"
318,u19,,,2013-04-21 23:45:47,3.0,3.0,1.0,2.0,"43.7067805,-72.28550931"
319,u19,,,2013-04-22 20:00:53,3.0,1.0,1.0,4.0,"43.70706454,-72.2854433"
320,u19,,,2013-04-28 17:41:31,2.0,1.0,1.0,5.0,"43.70670747,-72.28550624"
321,u19,,,2013-04-26 17:49:38,1.0,3.0,1.0,4.0,"43.70693121,-72.28557612"
322,u19,,,2013-04-26 05:53:55,1.0,3.0,1.0,4.0,"43.70252387,-72.28969879"
323,u19,,,2013-04-27 17:38:41,4.0,1.0,1.0,3.0,"43.70709568,-72.28590487"
324,u19,,,2013-05-01 09:28:30,1.0,3.0,1.0,4.0,"43.70101204,-72.28677708"
325,u19,,,2013-05-11 05:13:24,1.0,3.0,1.0,4.0,"43.70700456,-72.28598088"
326,u19,,,2013-05-06 07:30:05,5.0,1.0,1.0,2.0,"43.70706627,-72.28596306"
327,u19,,,2013-05-03 18:49:14,1.0,4.0,1.0,3.0,"43.70690988,-72.28699822"
328,u19,,,2013-05-05 07:51:50,2.0,1.0,1.0,4.0,"43.70691192,-72.28587513"
329,u19,,,2013-05-13 05:30:01,2.0,1.0,1.0,5.0,"43.70743065,-72.286434"
330,u19,,,2013-05-15 22:21:57,1.0,2.0,1.0,4.0,"43.70246446,-72.28774351"
331,u19,,,2013-05-10 21:22:05,1.0,3.0,1.0,4.0,"43.70680418,-72.28601166"
332,u19,,,2013-05-13 20:26:52,1.0,1.0,1.0,5.0,"43.70670191,-72.28568105"
333,u19,,,2013-05-12 09:04:57,1.0,3.0,1.0,4.0,"43.70701211,-72.28611727"
334,u19,,,2013-05-17 22:17:19,1.0,2.0,1.0,5.0,"43.70161344,-72.28714129"
335,u19,,,2013-05-19 21:53:54,3.0,3.0,1.0,2.0,"43.70669977,-72.28545979"
336,u19,,,2013-05-20 08:27:08,1.0,4.0,1.0,3.0,"43.70754131,-72.28597491"
337,u19,,,2013-05-21 09:10:28,2.0,3.0,1.0,3.0,"43.70712264,-72.28701115"
338,u19,,,2013-05-22 08:08:47,1.0,2.0,1.0,4.0,"43.7040776,-72.29042456"
339,u19,,,2013-05-23 07:43:59,1.0,3.0,1.0,4.0,"43.70693856,-72.28579217"
340,u19,,,2013-05-24 08:13:57,1.0,3.0,1.0,4.0,Unknown
341,u19,,,2013-05-31 07:10:42,4.0,3.0,1.0,1.0,"43.70696465,-72.28583899"
342,u19,,,2013-05-26 09:50:42,1.0,4.0,1.0,3.0,"43.70709334,-72.28524117"
343,u19,,,2013-06-01 07:06:04,4.0,2.0,1.0,1.0,"43.70717259,-72.2867125"
344,u19,,,2013-05-29 18:32:45,1.0,5.0,1.0,1.0,"43.70689977,-72.28714289"
347,u20,,,2013-04-12 06:39:43,3.0,1.0,3.0,4.0,
348,u20,,,2013-04-14 06:45:23,1.0,2.0,5.0,4.0,
358,u22,,,2013-04-08 05:12:50,1.0,5.0,1.0,1.0,
359,u22,,,2013-04-09 08:28:25,1.0,5.0,1.0,1.0,
360,u22,,,2013-04-11 07:54:13,1.0,1.0,1.0,5.0,
361,u22,,,2013-04-12 07:16:12,3.0,1.0,1.0,4.0,
362,u22,,,2013-04-15 06:42:21,1.0,3.0,1.0,3.0,
363,u22,,,2013-04-13 06:34:47,1.0,3.0,1.0,3.0,
364,u22,,,2013-04-14 21:44:31,3.0,1.0,1.0,3.0,
365,u22,,,2013-04-22 21:14:33,1.0,1.0,1.0,1.0,"43.70418092,-72.29045018"
366,u22,,,2013-05-14 22:16:56,1.0,1.0,1.0,5.0,"43.70394194,-72.29039284"
367,u22,,,2013-05-08 07:17:09,3.0,1.0,1.0,3.0,"43.70396191,-72.2905632"
368,u22,,,2013-05-17 22:16:19,4.0,4.0,1.0,1.0,"43.70392777,-72.29045036"
383,u23,,,2013-04-09 06:11:10,2.0,1.0,1.0,3.0,
384,u23,,,2013-04-15 06:48:58,1.0,1.0,1.0,1.0,
385,u23,,,2013-04-10 02:35:58,1.0,1.0,1.0,3.0,
386,u23,,,2013-04-10 06:00:36,1.0,1.0,1.0,1.0,
387,u23,,,2013-04-12 06:02:34,1.0,1.0,1.0,1.0,
388,u23,,,2013-04-11 06:00:37,1.0,1.0,1.0,4.0,
389,u23,,,2013-04-13 06:00:50,1.0,2.0,1.0,4.0,
390,u23,,,2013-04-14 06:00:16,1.0,1.0,3.0,2.0,
391,u23,,,2013-04-24 17:18:55,1.0,1.0,1.0,1.0,"43.70538185,-72.28324725"
392,u23,,,2013-04-25 17:15:22,1.0,1.0,1.0,1.0,"43.70542978,-72.28317344"
400,u24,,,2013-04-12 08:13:28,3.0,1.0,2.0,1.0,
401,u24,,,2013-04-12 08:13:27,3.0,1.0,2.0,1.0,
402,u24,,,2013-04-13 20:57:33,3.0,1.0,2.0,1.0,
403,u24,,,2013-04-14 07:02:22,4.0,1.0,2.0,1.0,
404,u24,,,2013-04-15 06:27:03,1.0,1.0,1.0,1.0,
405,u24,,,2013-05-17 22:39:02,3.0,1.0,1.0,2.0,"43.70636729,-72.29144404"
406,u24,,,2013-05-17 19:32:57,2.0,1.0,2.0,3.0,"43.40089792,-72.02094469"
411,u25,,,2013-04-09 06:35:50,1.0,2.0,1.0,3.0,
412,u25,,,2013-04-10 06:13:54,1.0,1.0,1.0,4.0,
413,u25,,,2013-04-12 06:12:19,1.0,2.0,2.0,3.0,
414,u25,,,2013-04-21 22:30:06,2.0,1.0,2.0,3.0,"43.70073445,-72.28687341"
419,u27,,,2013-04-12 06:18:07,1.0,1.0,3.0,1.0,
420,u27,,,2013-04-15 06:22:34,1.0,2.0,1.0,3.0,
421,u27,,,2013-04-17 09:19:05,1.0,3.0,1.0,3.0,
422,u27,,,2013-04-18 20:27:23,2.0,1.0,1.0,3.0,null
423,u27,,,2013-04-25 17:16:22,2.0,1.0,3.0,2.0,Unknown
424,u27,,,2013-05-15 22:21:24,1.0,1.0,1.0,1.0,"43.70367367,-72.28792484"
425,u27,,,2013-05-18 22:25:38,1.0,1.0,1.0,1.0,"43.70411915,-72.28567946"
431,u30,,,2013-04-12 08:15:02,3.0,3.0,1.0,1.0,
432,u30,,,2013-04-20 22:09:19,2.0,1.0,1.0,3.0,"41.23064284,-73.0728831"
433,u30,,,2013-04-21 20:26:18,2.0,2.0,1.0,3.0,"41.23064284,-73.0728831"
434,u30,,,2013-04-29 17:59:23,2.0,1.0,1.0,4.0,"43.70906142,-72.28431236"
435,u30,,,2013-05-03 06:29:59,3.0,2.0,1.0,3.0,"43.7024991,-72.28938342"
439,u31,,,2013-04-09 06:00:31,3.0,2.0,2.0,4.0,
440,u31,,,2013-04-12 06:19:55,2.0,1.0,1.0,5.0,
441,u31,,,2013-04-13 08:13:02,1.0,1.0,1.0,1.0,
445,u32,,,2013-04-08 19:13:44,1.0,3.0,1.0,3.0,
446,u32,,,2013-04-10 07:56:25,2.0,4.0,1.0,1.0,
447,u32,,,2013-04-11 09:40:10,3.0,2.0,1.0,3.0,
448,u32,,,2013-04-12 08:46:22,1.0,4.0,1.0,2.0,
449,u32,,,2013-04-14 07:16:18,4.0,1.0,1.0,1.0,
450,u32,,,2013-04-13 07:41:24,4.0,1.0,1.0,1.0,
451,u32,,,2013-04-15 06:05:57,1.0,2.0,1.0,4.0,
452,u32,,,2013-04-18 20:59:23,3.0,2.0,1.0,2.0,null
453,u32,,,2013-04-21 20:00:17,3.0,2.0,1.0,2.0,"43.70587544,-72.2911665"
454,u32,,,2013-04-22 20:31:42,1.0,3.0,1.0,4.0,"43.7031993,-72.2904444"
455,u32,,,2013-04-24 21:18:00,3.0,3.0,1.0,1.0,"43.70392276,-72.28729666"
456,u32,,,2013-04-27 19:00:25,4.0,1.0,1.0,1.0,"43.71796947,-72.27247143"
457,u32,,,2013-04-25 18:57:52,4.0,1.0,1.0,1.0,"43.70608389,-72.29104393"
458,u32,,,2013-04-28 18:30:01,4.0,1.0,1.0,2.0,"43.70301955,-72.29020739"
459,u32,,,2013-04-29 17:52:04,1.0,3.0,1.0,4.0,"43.70374615,-72.29053936"
460,u32,,,2013-04-30 18:59:11,4.0,2.0,1.0,1.0,"43.47216071,-71.99885894"
461,u32,,,2013-05-06 00:09:07,5.0,1.0,1.0,1.0,"43.70420319,-72.28854729"
462,u32,,,2013-05-27 06:29:07,1.0,4.0,1.0,3.0,"43.70582969,-72.29057957"
463,u32,,,2013-05-28 19:35:11,2.0,4.0,1.0,2.0,"43.70450738,-72.29025958"
464,u32,,,2013-06-01 06:03:53,2.0,4.0,1.0,2.0,"43.71929276,-72.27265728"
471,u33,,,2013-04-08 04:14:33,2.0,3.0,2.0,3.0,
472,u33,,,2013-04-09 06:06:02,2.0,1.0,1.0,4.0,
473,u33,,,2013-04-10 06:02:34,1.0,2.0,2.0,4.0,
474,u33,,,2013-04-11 06:25:55,1.0,2.0,1.0,4.0,
475,u33,,,2013-04-13 06:37:45,2.0,2.0,2.0,2.0,
476,u33,,,2013-04-12 06:10:20,2.0,1.0,3.0,2.0,
477,u33,,,2013-04-15 06:00:28,1.0,1.0,4.0,1.0,
478,u33,,,2013-04-14 06:10:20,3.0,2.0,3.0,2.0,
479,u33,,,2013-04-21 21:58:36,2.0,1.0,5.0,1.0,"43.70364552,-72.29593922"
480,u33,,,2013-04-22 20:00:18,3.0,1.0,3.0,1.0,"43.70377459,-72.29617515"
481,u33,,,2013-04-30 07:20:13,1.0,2.0,3.0,1.0,"43.70447388,-72.29152074"
482,u33,,,2013-05-12 01:57:29,2.0,4.0,2.0,1.0,"43.7026457,-72.29363404"
483,u33,,,2013-05-13 22:24:35,1.0,2.0,2.0,3.0,"43.70416591,-72.29582511"
484,u33,,,2013-05-30 02:20:56,1.0,5.0,2.0,1.0,Unknown
488,u34,,,2013-05-15 02:56:13,3.0,3.0,4.0,2.0,"43.70778087,-72.284494"
494,u35,,,2013-04-12 07:36:10,3.0,1.0,3.0,2.0,
495,u35,,,2013-04-19 20:17:15,1.0,3.0,1.0,2.0,"43.7006735,-72.28884657"
496,u35,,,2013-05-06 23:55:04,1.0,4.0,1.0,5.0,"43.70696392,-72.28734398"
502,u36,,,2013-04-09 06:08:10,2.0,2.0,2.0,2.0,
503,u36,,,2013-04-10 06:17:12,2.0,2.0,2.0,2.0,
504,u36,,,2013-04-11 06:37:09,1.0,3.0,1.0,3.0,
505,u36,,,2013-04-12 07:14:51,1.0,3.0,1.0,3.0,
506,u36,,,2013-04-13 07:20:48,2.0,2.0,2.0,2.0,
507,u36,,,2013-04-14 02:32:24,1.0,3.0,1.0,3.0,
508,u36,,,2013-04-14 06:26:38,1.0,3.0,1.0,3.0,
509,u36,,,2013-04-15 23:15:29,1.0,3.0,1.0,3.0,
510,u36,,,2013-04-21 23:09:31,3.0,1.0,2.0,1.0,Unknown
511,u36,,,2013-04-22 21:14:10,2.0,2.0,2.0,2.0,"38.58404326,-121.50064231"
512,u36,,,2013-04-27 22:47:16,1.0,3.0,1.0,3.0,"43.70670851,-72.28709711"
513,u36,,,2013-04-28 17:37:42,1.0,3.0,1.0,3.0,"43.65167486,-72.30992168"
514,u36,,,2013-05-01 04:37:13,2.0,2.0,2.0,2.0,"43.7064439,-72.28686698"
515,u36,,,2013-05-17 00:26:36,2.0,2.0,2.0,2.0,"43.65178229,-72.30992795"
521,u39,,,2013-04-13 06:04:33,1.0,1.0,1.0,1.0,
522,u39,,,2013-04-13 06:04:38,1.0,1.0,1.0,1.0,
523,u39,,,2013-04-16 04:21:11,1.0,1.0,1.0,1.0,
524,u39,,,2013-04-24 18:52:33,1.0,1.0,1.0,1.0,"43.65167079,-72.31001806"
525,u39,,,2013-04-25 20:32:12,1.0,1.0,3.0,4.0,"43.70691563,-72.28615388"
528,u41,,,2013-04-09 05:48:23,1.0,1.0,3.0,3.0,
529,u41,,,2013-04-12 05:58:42,1.0,4.0,1.0,2.0,
530,u41,,,2013-04-11 06:36:31,1.0,3.0,1.0,4.0,
531,u41,,,2013-04-15 06:36:16,3.0,1.0,1.0,3.0,
534,u42,,,2013-04-15 06:43:11,2.0,3.0,2.0,2.0,
535,u42,,,2013-04-26 18:07:56,3.0,2.0,2.0,1.0,"43.65594983,-72.24928324"
536,u42,,,2013-04-21 20:01:09,3.0,1.0,3.0,2.0,"43.65886906,-72.24845008"
537,u42,,,2013-05-08 04:32:18,2.0,2.0,3.0,3.0,"43.65870667,-72.24851776"
543,u43,,,2013-04-08 04:07:18,4.0,2.0,1.0,1.0,
546,u43,,,2013-04-08 23:25:17,3.0,1.0,2.0,1.0,
549,u43,,,2013-04-09 06:22:39,3.0,1.0,2.0,1.0,
550,u43,,,2013-04-12 22:48:02,2.0,2.0,1.0,2.0,
551,u43,,,2013-04-10 19:52:43,1.0,2.0,1.0,3.0,
552,u43,,,2013-04-10 07:39:12,1.0,2.0,1.0,3.0,
553,u43,,,2013-04-11 06:03:27,1.0,2.0,1.0,3.0,
554,u43,,,2013-04-12 03:31:26,1.0,2.0,1.0,3.0,
555,u43,,,2013-04-12 06:12:22,1.0,3.0,1.0,3.0,
556,u43,,,2013-04-13 06:00:43,2.0,2.0,1.0,2.0,
557,u43,,,2013-04-14 19:54:22,4.0,1.0,1.0,1.0,
558,u43,,,2013-04-14 07:49:24,3.0,1.0,1.0,2.0,
559,u43,,,2013-04-15 02:13:40,4.0,1.0,1.0,1.0,
560,u43,,,2013-04-16 03:23:58,2.0,2.0,1.0,2.0,
561,u43,,,2013-04-17 23:23:30,1.0,3.0,1.0,2.0,
562,u43,,,2013-04-18 20:36:46,2.0,1.0,1.0,2.0,null
563,u43,,,2013-04-22 02:18:38,2.0,2.0,2.0,1.0,Unknown
564,u43,,,2013-04-22 02:18:33,2.0,2.0,1.0,2.0,"44.14926882,-69.83901713"
573,u44,,,2013-04-08 16:40:50,1.0,1.0,2.0,4.0,
574,u44,,,2013-04-09 07:03:27,1.0,1.0,3.0,3.0,
575,u44,,,2013-04-10 17:18:18,1.0,1.0,1.0,4.0,
576,u44,,,2013-04-10 06:35:43,1.0,1.0,1.0,4.0,
577,u44,,,2013-04-11 17:03:56,1.0,1.0,2.0,3.0,
578,u44,,,2013-04-12 17:57:36,1.0,1.0,3.0,3.0,
579,u44,,,2013-04-13 16:49:45,2.0,1.0,2.0,4.0,
580,u44,,,2013-04-15 08:14:24,1.0,1.0,1.0,5.0,
581,u44,,,2013-04-16 16:28:29,1.0,1.0,1.0,4.0,
582,u44,,,2013-04-17 17:35:14,1.0,2.0,2.0,3.0,
583,u44,,,2013-04-18 16:36:28,1.0,1.0,2.0,3.0,
584,u44,,,2013-04-19 17:19:59,3.0,1.0,1.0,3.0,"43.69219884,-72.26694325"
585,u44,,,2013-04-20 16:34:03,2.0,1.0,2.0,3.0,"43.69222142,-72.26706862"
586,u44,,,2013-04-26 16:26:47,1.0,1.0,1.0,4.0,"43.69232314,-72.26697319"
587,u44,,,2013-04-21 17:08:49,1.0,1.0,1.0,4.0,"43.6926262,-72.26656479"
588,u44,,,2013-04-22 20:17:33,1.0,1.0,1.0,3.0,"43.70957133,-72.28436521"
589,u44,,,2013-04-23 17:41:46,1.0,1.0,1.0,5.0,"43.69219053,-72.26692503"
590,u44,,,2013-04-25 00:28:25,1.0,1.0,2.0,3.0,"43.69935873,-72.28135033"
591,u44,,,2013-04-25 16:27:56,1.0,1.0,2.0,3.0,"43.69221447,-72.26713368"
592,u44,,,2013-04-27 17:10:33,1.0,1.0,1.0,4.0,Unknown
593,u44,,,2013-04-29 15:12:33,1.0,1.0,1.0,4.0,"43.69198838,-72.26681867"
594,u44,,,2013-04-30 15:27:49,1.0,1.0,1.0,4.0,"43.69224381,-72.26703204"
595,u44,,,2013-05-01 15:04:07,1.0,1.0,3.0,2.0,"43.69241334,-72.26678771"
596,u44,,,2013-05-02 16:27:30,1.0,1.0,1.0,3.0,"43.69204957,-72.26697347"
597,u44,,,2013-05-13 17:11:33,5.0,1.0,1.0,1.0,"43.69206484,-72.26700327"
598,u44,,,2013-05-16 17:49:58,1.0,1.0,4.0,1.0,"43.69229577,-72.26673522"
599,u44,,,2013-05-12 04:31:32,2.0,1.0,1.0,3.0,"43.69231808,-72.26690462"
600,u44,,,2013-05-05 17:46:25,1.0,1.0,1.0,5.0,"43.69238395,-72.26701546"
601,u44,,,2013-05-12 17:06:19,1.0,1.0,1.0,4.0,"43.69220954,-72.26702639"
602,u44,,,2013-05-07 18:25:08,3.0,1.0,1.0,3.0,"43.69255276,-72.26704092"
603,u44,,,2013-05-15 16:49:42,1.0,1.0,1.0,5.0,"43.69219289,-72.26671048"
604,u44,,,2013-05-14 17:32:08,1.0,1.0,1.0,5.0,"43.69225,-72.26698519"
605,u44,,,2013-05-17 17:44:58,1.0,1.0,1.0,4.0,"43.69229406,-72.26664182"
606,u44,,,2013-05-18 17:40:48,1.0,1.0,3.0,1.0,"43.6922613,-72.26687932"
607,u44,,,2013-05-19 19:36:15,3.0,1.0,1.0,3.0,"43.69142104,-72.26941669"
608,u44,,,2013-05-22 17:41:45,1.0,1.0,1.0,4.0,"43.69230566,-72.26694933"
609,u44,,,2013-05-23 17:13:43,1.0,1.0,1.0,4.0,"43.69213441,-72.26712004"
610,u44,,,2013-05-24 17:21:07,1.0,1.0,1.0,3.0,"43.69215408,-72.26702352"
611,u44,,,2013-05-27 17:29:02,1.0,3.0,1.0,3.0,"43.69341383,-72.2733575"
613,u45,,,2013-04-09 06:07:41,1.0,1.0,2.0,4.0,
614,u45,,,2013-04-11 06:28:48,1.0,1.0,2.0,3.0,
615,u45,,,2013-04-13 06:33:35,1.0,1.0,1.0,2.0,
616,u45,,,2013-04-12 07:08:32,1.0,1.0,2.0,3.0,
617,u45,,,2013-04-21 20:19:01,1.0,1.0,2.0,3.0,"43.70877403,-72.28604331"
618,u45,,,2013-04-22 20:06:52,1.0,1.0,3.0,3.0,"43.71765973,-72.30672848"
623,u46,,,2013-04-08 04:03:30,3.0,1.0,1.0,3.0,
624,u46,,,2013-04-09 02:49:04,2.0,1.0,1.0,4.0,
625,u46,,,2013-04-10 06:16:18,3.0,1.0,2.0,2.0,
626,u46,,,2013-04-12 06:01:15,1.0,3.0,2.0,3.0,
627,u46,,,2013-04-15 16:33:38,1.0,3.0,1.0,3.0,
628,u46,,,2013-04-18 19:31:14,3.0,3.0,1.0,2.0,null
629,u46,,,2013-04-26 17:19:31,3.0,1.0,2.0,2.0,"43.70525386,-72.29094429"
631,u47,,,2013-04-13 07:46:16,1.0,3.0,1.0,3.0,
632,u47,,,2013-04-12 07:37:30,1.0,1.0,5.0,5.0,
633,u47,,,2013-04-14 06:19:49,1.0,1.0,1.0,5.0,
634,u47,,,2013-04-22 20:16:08,1.0,2.0,1.0,4.0,"43.68150483816862,-72.32194293290377"
641,u49,,,2013-04-08 04:11:04,4.0,3.0,1.0,1.0,
644,u49,,,2013-04-12 06:01:08,2.0,3.0,2.0,3.0,
645,u49,,,2013-04-13 06:00:45,1.0,1.0,3.0,4.0,
646,u49,,,2013-04-15 06:20:44,3.0,3.0,2.0,2.0,
647,u49,,,2013-04-16 07:59:17,2.0,4.0,2.0,2.0,
648,u49,,,2013-04-17 18:02:55,2.0,3.0,2.0,3.0,
649,u49,,,2013-04-22 20:01:02,1.0,2.0,2.0,4.0,Unknown
650,u49,,,2013-04-30 04:07:55,1.0,4.0,3.0,4.0,"43.70723417780009,-72.29061854292074"
651,u49,,,2013-05-02 04:57:42,1.0,3.0,2.0,4.0,"43.70138013908776,-72.28825029289776"
652,u49,,,2013-05-07 05:58:19,1.0,3.0,2.0,4.0,"43.7035966462642,-72.28889475367946"
653,u49,,,2013-05-10 20:08:02,2.0,1.0,3.0,3.0,"43.70578575320415,-72.28875349174373"
654,u49,,,2013-05-10 07:56:12,2.0,2.0,2.0,3.0,"43.70711602533703,-72.29071942280484"
655,u49,,,2013-05-14 22:58:22,1.0,3.0,3.0,3.0,"43.7059528775494,-72.28796572137354"
656,u49,,,2013-05-16 22:59:43,2.0,3.0,2.0,3.0,"43.70286346627294,-72.28975605167592"
657,u49,,,2013-05-04 21:05:06,1.0,1.0,2.0,3.0,"43.707379586159206,-72.29060853495425"
658,u49,,,2013-05-15 22:21:47,2.0,3.0,1.0,3.0,Unknown
659,u49,,,2013-05-13 02:53:31,3.0,3.0,2.0,1.0,"43.59243277218046,-72.1667505396561"
660,u49,,,2013-05-17 21:41:33,2.0,3.0,2.0,3.0,"43.70617485402612,-72.28842938820235"
661,u49,,,2013-05-23 04:02:54,1.0,4.0,2.0,4.0,Unknown
662,u49,,,2013-05-24 06:28:39,1.0,1.0,3.0,3.0,"43.70706086014926,-72.29065677866436"
663,u49,,,2013-05-27 02:21:28,3.0,3.0,2.0,2.0,"43.70506898342804,-72.29543466149126"
664,u49,,,2013-05-31 07:52:03,1.0,2.0,2.0,4.0,"43.7072259238806,-72.29061095852634"
666,u50,,,2013-04-10 07:56:38,4.0,3.0,3.0,5.0,
667,u50,,,2013-04-09 07:04:40,1.0,1.0,1.0,1.0,
668,u50,,,2013-04-12 06:14:21,4.0,5.0,3.0,1.0,
669,u50,,,2013-04-15 06:26:11,4.0,3.0,3.0,3.0,
672,u51,,,2013-04-15 23:15:55,3.0,4.0,4.0,1.0,
673,u51,,,2013-04-09 07:04:06,1.0,1.0,1.0,1.0,
674,u51,,,2013-04-10 08:15:05,1.0,2.0,2.0,2.0,
675,u51,,,2013-04-11 07:05:57,2.0,2.0,2.0,2.0,
676,u51,,,2013-04-12 06:10:53,2.0,2.0,2.0,2.0,
677,u51,,,2013-04-13 06:06:00,2.0,2.0,1.0,3.0,
678,u51,,,2013-04-15 23:05:23,1.0,1.0,1.0,3.0,
679,u51,,,2013-04-23 02:00:58,1.0,1.0,1.0,3.0,"43.70640485,-72.28685946"
680,u51,,,2013-04-24 17:26:35,1.0,1.0,1.0,1.0,Unknown
681,u51,,,2013-04-28 19:11:42,1.0,1.0,1.0,1.0,"43.69920201,-72.28970451"
682,u51,,,2013-05-16 22:58:41,1.0,1.0,2.0,3.0,"43.70662719,-72.28627772"
683,u51,,,2013-05-15 22:50:23,1.0,1.0,1.0,1.0,"43.70527478,-72.2878615"
684,u51,,,2013-05-18 23:58:14,1.0,1.0,1.0,1.0,"43.70640288,-72.28703686"
685,u51,,,2013-05-17 23:04:28,1.0,1.0,1.0,1.0,"43.70640288,-72.28703686"
693,u52,,,2013-04-10 09:14:08,5.0,1.0,1.0,1.0,
694,u52,,,2013-04-11 07:44:24,2.0,2.0,3.0,1.0,
695,u52,,,2013-04-14 06:25:20,4.0,1.0,1.0,1.0,
696,u52,,,2013-04-15 08:27:35,1.0,1.0,1.0,1.0,
697,u52,,,2013-04-26 17:18:14,5.0,1.0,1.0,1.0,"43.70710735,-72.28905508333334"
698,u52,,,2013-04-22 20:10:55,1.0,1.0,2.0,1.0,Unknown
699,u52,,,2013-04-23 17:37:58,2.0,3.0,1.0,2.0,"43.70717328333333,-72.28886893333333"
708,u53,,,2013-04-10 09:04:08,2.0,2.0,2.0,3.0,
709,u53,,,2013-04-13 08:11:08,1.0,3.0,1.0,4.0,
710,u53,,,2013-04-14 07:58:01,4.0,1.0,1.0,1.0,
711,u53,,,2013-04-15 08:13:50,2.0,3.0,1.0,1.0,
712,u53,,,2013-04-19 02:02:12,1.0,3.0,1.0,3.0,"43.70755802,-72.28617355"
713,u53,,,2013-04-22 21:00:23,2.0,1.0,1.0,4.0,"43.70523337,-72.28335329"
714,u53,,,2013-05-15 23:38:31,3.0,1.0,3.0,1.0,"43.70356731,-72.28790087"
718,u54,,,2013-04-15 06:10:10,1.0,3.0,1.0,2.0,
719,u54,,,2013-04-13 06:33:22,1.0,3.0,2.0,2.0,
721,u56,,,2013-04-08 04:43:59,4.0,1.0,1.0,1.0,
722,u56,,,2013-04-09 08:42:44,4.0,1.0,1.0,1.0,
723,u56,,,2013-04-10 18:48:08,2.0,2.0,1.0,3.0,
724,u56,,,2013-04-11 06:04:37,2.0,2.0,1.0,3.0,
725,u56,,,2013-04-12 07:49:35,2.0,2.0,1.0,3.0,
726,u56,,,2013-04-13 08:01:26,1.0,1.0,2.0,4.0,
727,u56,,,2013-04-14 06:54:36,2.0,1.0,2.0,4.0,
728,u56,,,2013-04-21 20:14:46,4.0,1.0,2.0,1.0,"43.71714069,-72.30916315"
729,u56,,,2013-04-22 20:28:58,3.0,1.0,4.0,1.0,"43.70978582,-72.3084436"
730,u56,,,2013-06-05 19:21:33,2.0,4.0,1.0,1.0,Unknown
731,u56,,,2013-06-03 19:00:40,4.0,1.0,1.0,1.0,"43.71654905,-72.30960914"
732,u56,,,2013-06-04 19:25:27,2.0,3.0,1.0,2.0,"43.70336406,-72.28773371"
739,u57,,,2013-04-08 04:00:35,2.0,2.0,1.0,1.0,
740,u57,,,2013-04-10 06:04:39,4.0,2.0,1.0,1.0,
741,u57,,,2013-04-11 06:02:22,2.0,3.0,2.0,1.0,
742,u57,,,2013-04-13 06:02:46,2.0,2.0,1.0,2.0,
743,u57,,,2013-04-16 22:26:39,1.0,3.0,1.0,2.0,
744,u57,,,2013-04-21 19:39:32,4.0,1.0,1.0,2.0,"43.70699159,-72.28872268"
745,u57,,,2013-04-24 17:27:57,1.0,4.0,1.0,2.0,"43.70713133,-72.28872466"
746,u57,,,2013-04-30 04:04:54,2.0,3.0,1.0,3.0,"43.70287276,-72.29079578"
747,u57,,,2013-04-26 17:26:49,2.0,3.0,1.0,3.0,"43.70717415,-72.28914845"
748,u57,,,2013-05-08 17:56:37,1.0,4.0,1.0,2.0,"43.70767843,-72.28476978"
749,u57,,,2013-05-15 23:37:16,2.0,2.0,2.0,2.0,"43.70722467,-72.28862142"
750,u57,,,2013-05-14 22:35:40,2.0,3.0,1.0,2.0,"43.70724345,-72.28952114"
751,u57,,,2013-05-17 23:03:47,5.0,2.0,1.0,1.0,"43.70717451,-72.28930368"
752,u57,,,2013-06-05 19:00:47,4.0,1.0,2.0,1.0,Unknown
753,u57,,,2013-06-03 19:01:51,4.0,1.0,2.0,1.0,"43.70709519,-72.28875588"
757,u58,,,2013-04-08 05:16:51,2.0,2.0,4.0,4.0,
759,u58,,,2013-04-09 06:33:50,3.0,3.0,3.0,3.0,
760,u58,,,2013-04-12 06:01:11,1.0,5.0,5.0,1.0,
761,u58,,,2013-04-10 06:30:24,2.0,2.0,4.0,4.0,
762,u58,,,2013-04-11 06:00:20,4.0,4.0,2.0,2.0,
763,u58,,,2013-04-15 15:43:18,1.0,2.0,5.0,4.0,
764,u58,,,2013-04-22 01:51:13,5.0,5.0,1.0,1.0,"43.70637584,-72.28364261"
765,u58,,,2013-04-22 20:04:56,5.0,5.0,1.0,1.0,"43.70648266,-72.28207756"
766,u58,,,2013-04-24 04:59:57,1.0,1.0,5.0,5.0,"43.70608402,-72.28341837"
767,u58,,,2013-04-23 06:03:29,5.0,5.0,1.0,1.0,"43.70622524,-72.28299649"
768,u58,,,2013-04-25 17:50:10,4.0,4.0,2.0,2.0,"43.70624722,-72.28332992"
769,u58,,,2013-04-26 07:01:41,4.0,4.0,2.0,2.0,"43.70613794,-72.28321669"
770,u58,,,2013-04-28 19:19:35,3.0,1.0,4.0,5.0,"43.70610441,-72.28297412"
771,u58,,,2013-04-27 17:18:16,3.0,2.0,3.0,4.0,"43.70597848,-72.2832227"
772,u58,,,2013-04-26 17:21:55,2.0,2.0,5.0,5.0,"43.70611424,-72.28341297"
773,u58,,,2013-05-16 22:51:52,1.0,2.0,5.0,5.0,"43.70520101,-72.28370855"
774,u58,,,2013-05-11 01:59:32,1.0,1.0,5.0,5.0,"43.70613957,-72.28332105"
775,u58,,,2013-05-14 22:46:21,1.0,2.0,5.0,4.0,"43.70616412,-72.28343833"
776,u58,,,2013-05-17 22:16:18,3.0,1.0,3.0,5.0,"43.70621458,-72.28339893"
777,u58,,,2013-05-28 22:14:55,4.0,2.0,2.0,4.0,"43.70604724,-72.28331297"
800,u59,,,2013-04-08 04:01:39,3.0,1.0,2.0,1.0,
803,u59,,,2013-04-14 06:03:14,4.0,1.0,2.0,1.0,
804,u59,,,2013-04-16 00:18:21,3.0,3.0,2.0,2.0,
805,u59,,,2013-04-10 02:55:10,2.0,3.0,2.0,3.0,
806,u59,,,2013-04-10 06:07:35,2.0,3.0,2.0,3.0,
807,u59,,,2013-04-11 06:09:22,1.0,3.0,1.0,3.0,
808,u59,,,2013-04-14 00:09:58,4.0,1.0,2.0,1.0,
809,u59,,,2013-04-12 06:05:41,3.0,2.0,2.0,3.0,
810,u59,,,2013-04-14 20:05:54,3.0,2.0,3.0,2.0,
811,u59,,,2013-04-18 20:36:23,3.0,3.0,2.0,2.0,3
812,u59,,,2013-04-19 18:05:06,4.0,2.0,2.0,2.0,"43.706240337342024,-72.28648857213557"
813,u59,,,2013-04-25 19:39:50,3.0,3.0,2.0,2.0,"43.7066536070779,-72.28823712095618"
814,u59,,,2013-04-21 20:02:22,3.0,2.0,1.0,1.0,"43.705566599965096,-72.29095076210797"
815,u59,,,2013-04-21 09:45:18,5.0,1.0,2.0,1.0,"43.70552251115441,-72.27840791456401"
816,u59,,,2013-04-22 17:56:31,1.0,3.0,2.0,2.0,"43.705394812859595,-72.28801399469376"
817,u59,,,2013-04-26 17:54:09,3.0,3.0,2.0,2.0,"43.7050887895748,-72.28777066804469"
818,u59,,,2013-04-28 01:37:43,4.0,1.0,2.0,1.0,Unknown
819,u59,,,2013-04-30 19:05:36,1.0,5.0,1.0,2.0,"43.70579710230231,-72.29083056561649"
820,u59,,,2013-05-07 16:59:03,2.0,2.0,3.0,2.0,"43.70395777747035,-72.28751711547375"
821,u59,,,2013-05-05 02:46:13,4.0,1.0,2.0,1.0,"43.70176318567246,-72.28840936906636"
822,u59,,,2013-05-07 02:31:27,2.0,1.0,3.0,3.0,"43.702828316017985,-72.29103868827224"
823,u59,,,2013-05-22 00:07:21,1.0,3.0,3.0,1.0,"43.705348586663604,-72.28977226652205"
824,u59,,,2013-05-26 05:34:56,1.0,4.0,1.0,2.0,Unknown
825,u59,,,2013-05-26 05:35:01,1.0,4.0,1.0,2.0,Unknown
826,u59,,,2013-05-26 19:17:45,4.0,2.0,1.0,1.0,"43.705819859169424,-72.29087230749428"
827,u59,,,2013-05-27 19:11:16,1.0,4.0,1.0,3.0,"43.70550733990967,-72.2909749019891"
828,u59,,,2013-05-29 02:01:35,1.0,5.0,2.0,2.0,Unknown
829,u59,,,2013-05-30 16:14:14,3.0,3.0,2.0,1.0,"43.705530599690974,-72.29089292697608"
830,u59,,,2013-05-31 18:11:20,5.0,1.0,1.0,1.0,"43.70569061022252,-72.2908440604806"
831,u59,,,2013-06-03 23:56:31,2.0,3.0,2.0,3.0,"29.90284461993724,-90.0272998586297"
832,u59,,,2013-06-02 21:32:50,3.0,3.0,3.0,1.0,"29.902841728180647,-90.02745660021901"
