,User,exercise,have,resp_time,schedule,walk,location,,65.1446412,02/04/2013 6:53,02/04/2013,,,06/06/2013 10:22,02/06/2013 21:04
0,u00,4,1,03/04/2013 3:43,null,2,,,,,,,,,
1,u00,3,2,01/04/2013 14:55,1,2,,,,,,,,,
2,u00,1,2,01/04/2013 17:12,1,1,,,,,,,,,
3,u00,1,1,02/04/2013 4:03,null,1,,,,,,,,,
4,u00,1,2,04/04/2013 0:28,1,2,,,,,,,,,
5,u00,1,2,04/04/2013 2:03,1,3,,,,,,,,,
6,u00,1,2,06/04/2013 2:19,1,1,,,,,,,,,
7,u00,4,1,05/04/2013 2:39,2,3,,,,,,,,,
8,u00,4,1,05/04/2013 20:37,null,3,,,,,,,,,
9,u00,3,2,07/04/2013 18:35,2,3,,,,,,,,,
10,u00,3,1,07/04/2013 1:56,null,3,,,,,,,,,
11,u00,1,2,10/04/2013 5:24,1,3,,,,,,,,,
12,u00,1,2,17/04/2013 20:27,1,2,,,,,,,,,
13,u00,1,2,12/04/2013 22:54,1,3,,,,,,,,,
14,u00,1,2,17/04/2013 2:44,1,1,,,,,,,,,
15,u00,1,2,18/04/2013 2:04,1,2,,,,,,,,,
16,u00,3,2,19/04/2013 4:29,1,1,"43.75872078,-72.32869187",,,,,,,,
17,u00,3,1,22/04/2013 4:23,null,2,"43.75957917,-72.32886943",,,,,,,,
18,u00,2,2,24/04/2013 6:08,1,1,Unknown,,,,,,,,
19,u00,3,1,29/04/2013 2:38,2,1,Unknown,,,,,,,,
20,u00,1,2,05/05/2013 23:30,2,5,"48.85875992,2.36238333",,,,,,,,
21,u00,1,2,08/05/2013 18:16,1,2,"45.42686431,12.350003",,,,,,,,
22,u00,1,2,16/05/2013 4:07,1,1,"43.70596914,-72.28674988",,,,,,,,
23,u00,4,2,17/05/2013 5:12,1,1,"43.70138552,-72.28880842",,,,,,,,
24,u00,1,2,08/05/2013 19:51,1,1,Unknown,,,,,,,,
25,u00,1,2,18/05/2013 22:21,1,1,"42.80466172,-71.29933505",,,,,,,,
26,u00,1,2,19/05/2013 22:19,1,1,Unknown,,,,,,,,
27,u00,1,1,31/05/2013 20:27,2,1,"43.70990415,-72.27948312",,,,,,,,
28,u00,4,2,25/05/2013 20:06,1,1,"38.92432799,-77.05412058",,,,,,,,
29,u00,1,2,28/05/2013 20:24,1,1,"43.70660017,-72.28716763",,,,,,,,
30,u00,3,2,29/05/2013 21:04,1,1,"43.70662665,-72.28716228",,,,,,,,
31,u00,3,1,30/05/2013 20:07,null,1,"43.70006541,-72.29016831",,,,,,,,
32,u00,1,null,01/06/2013 20:17,null,1,"43.999142,-71.83453784",,,,,,,,
33,u00,2,1,04/06/2013 23:01,null,1,"43.70666023,-72.28744135",,,,,,,,
34,u00,3,1,05/06/2013 23:18,null,1,"43.70697532,-72.28696303",,,,,,,,
35,u00,3,1,03/06/2013 3:04,2,2,"43.75910573,-72.32818315",,,,,,,,
36,u00,1,null,07/08/2013 1:47,null,1,"43.70207326,-72.28919072",,,,,,,,
37,u01,1,2,03/04/2013 6:03,2,3,,,,,,,,,
38,u01,1,2,06/04/2013 3:00,2,3,,,,,,,,,
39,u01,1,2,07/04/2013 2:05,2,1,,,,,,,,,
40,u01,1,2,10/04/2013 5:31,2,1,,,,,,,,,
41,u01,1,2,17/04/2013 2:30,2,2,,,,,,,,,
42,u01,1,2,19/04/2013 0:34,2,4,"43.70523775,-72.28968764",,,,,,,,
43,u01,1,2,27/04/2013 3:27,2,3,"43.70528019,-72.28949827",,,,,,,,
44,u02,3,1,02/04/2013 4:12,null,2,,,,,,,,,
45,u02,3,1,05/04/2013 2:05,1,3,,,,,,,,,
46,u02,1,2,07/04/2013 0:33,2,2,,,,,,,,,
47,u02,1,2,08/04/2013 0:04,2,2,,,,,,,,,
48,u02,3,1,19/04/2013 4:00,2,3,"43.70700651,-72.29317331",,,,,,,,
49,u02,1,2,21/04/2013 2:00,2,3,"43.70725865,-72.29291875",,,,,,,,
50,u02,3,1,24/04/2013 6:00,2,3,Unknown,,,,,,,,
51,u02,1,2,28/04/2013 0:02,2,2,"43.70699798,-72.29314193",,,,,,,,
52,u02,1,2,30/04/2013 2:18,2,2,"43.70683195,-72.28737158",,,,,,,,
53,u02,3,1,06/05/2013 7:34,2,2,"43.70719676,-72.29315695",,,,,,,,
54,u02,1,2,16/05/2013 4:11,2,2,"43.70713777,-72.29296993",,,,,,,,
55,u02,3,1,15/05/2013 4:00,2,3,"43.70725622,-72.29354946",,,,,,,,
56,u03,2,2,05/04/2013 17:29,2,2,,,,,,,,,
57,u03,2,2,07/04/2013 18:12,2,2,,,,,,,,,
58,u03,2,1,11/04/2013 19:44,2,2,,,,,,,,,
59,u03,1,2,22/04/2013 4:00,2,2,"43.70526343,-72.28319273",,,,,,,,
60,u03,2,2,29/04/2013 3:20,2,2,"43.70532812,-72.28315379",,,,,,,,
61,u03,2,2,28/04/2013 3:55,2,2,"43.70529403,-72.28319906",,,,,,,,
62,u03,2,2,30/04/2013 2:00,2,3,"43.70522961,-72.2829144",,,,,,,,
63,u03,2,2,06/05/2013 1:19,2,2,"43.70525531,-72.28306569",,,,,,,,
64,u04,5,1,03/04/2013 16:54,1,3,,,,,,,,,
65,u04,4,1,04/04/2013 15:37,2,3,,,,,,,,,
66,u04,4,1,07/04/2013 2:17,null,3,,,,,,,,,
67,u04,4,1,08/04/2013 1:41,2,2,,,,,,,,,
68,u04,4,1,18/04/2013 3:02,2,3,,,,,,,,,
69,u04,5,1,19/04/2013 4:07,null,3,"43.70558971,-72.29688149",,,,,,,,
70,u04,4,1,24/04/2013 8:30,2,2,"43.70310692,-72.28998483",,,,,,,,
71,u04,3,1,29/04/2013 2:39,2,2,"43.70310102,-72.28960565",,,,,,,,
72,u04,4,1,30/04/2013 3:59,null,2,"43.70344161,-72.28587472",,,,,,,,
73,u04,4,1,07/05/2013 1:33,2,3,"43.70556561,-72.29643857",,,,,,,,
74,u04,4,1,15/05/2013 5:24,null,3,"43.7019109,-72.28816483",,,,,,,,
75,u04,4,1,16/05/2013 4:18,null,2,"43.7026866,-72.28761377",,,,,,,,
76,u07,1,2,01/04/2013 18:02,2,3,,,,,,,,,
77,u07,5,1,02/04/2013 1:40,2,3,,,,,,,,,
78,u07,5,1,02/04/2013 12:21,2,2,,,,,,,,,
79,u07,5,1,03/04/2013 3:02,2,3,,,,,,,,,
80,u07,3,1,11/04/2013 9:32,2,3,,,,,,,,,
81,u07,1,2,17/04/2013 3:39,1,2,,,,,,,,,
82,u07,1,2,18/04/2013 18:38,2,2,3,,,,,,,,
83,u07,1,2,19/04/2013 4:57,2,2,"43.70464073,-72.29441487",,,,,,,,
84,u07,5,1,20/04/2013 6:51,2,2,"43.70392925,-72.28380701",,,,,,,,
85,u07,1,2,21/04/2013 2:32,2,2,"43.70334071,-72.28326211",,,,,,,,
86,u07,1,2,22/04/2013 4:10,2,2,"43.70671038,-72.27728207",,,,,,,,
87,u07,1,2,23/04/2013 21:31,1,2,"43.70425769,-72.28391582",,,,,,,,
88,u07,1,2,24/04/2013 12:09,2,2,"43.70389416,-72.2837747",,,,,,,,
89,u08,1,2,03/04/2013 2:08,1,3,,,,,,,,,
90,u08,1,2,01/04/2013 16:50,1,1,,,,,,,,,
91,u08,3,1,02/04/2013 3:17,null,3,,,,,,,,,
92,u08,1,2,03/04/2013 17:38,2,1,,,,,,,,,
93,u08,1,2,04/04/2013 2:08,1,2,,,,,,,,,
94,u08,3,1,04/04/2013 19:46,null,2,,,,,,,,,
95,u08,1,2,05/04/2013 2:11,1,2,,,,,,,,,
96,u08,1,2,06/04/2013 1:32,1,2,,,,,,,,,
97,u08,5,1,07/04/2013 1:27,null,3,,,,,,,,,
98,u08,1,2,08/04/2013 2:55,1,2,,,,,,,,,
99,u08,1,2,09/04/2013 9:36,1,3,,,,,,,,,
100,u08,1,2,10/04/2013 10:33,1,3,,,,,,,,,
101,u08,1,2,16/04/2013 4:12,1,3,,,,,,,,,
102,u08,1,2,17/04/2013 2:00,1,3,,,,,,,,,
103,u08,2,1,13/04/2013 11:34,null,2,,,,,,,,,
104,u08,1,2,12/04/2013 6:25,1,3,,,,,,,,,
105,u08,1,2,14/04/2013 5:39,1,2,,,,,,,,,
106,u08,1,2,15/04/2013 4:07,2,2,,,,,,,,,
107,u08,1,2,18/04/2013 20:33,1,2,null,,,,,,,,
108,u08,1,2,18/04/2013 6:06,1,3,,,,,,,,,
109,u08,4,1,20/04/2013 20:20,null,2,"43.70518194,-72.28800233",,,,,,,,
110,u08,1,2,21/04/2013 20:21,1,1,"43.70406215,-72.28755806",,,,,,,,
111,u08,1,2,24/04/2013 7:02,1,3,"43.70466963,-72.28690138",,,,,,,,
112,u08,1,2,23/04/2013 6:30,1,2,"43.7052687,-72.28811786",,,,,,,,
113,u08,1,2,25/04/2013 0:57,1,3,"43.70440204,-72.29052256",,,,,,,,
114,u08,1,2,25/04/2013 21:55,1,2,"43.70356196,-72.2866634",,,,,,,,
115,u08,1,2,27/04/2013 0:28,1,3,"43.70295661,-72.28995533",,,,,,,,
116,u08,1,2,01/05/2013 9:17,1,2,"43.70708811,-72.28767562",,,,,,,,
117,u08,1,2,07/05/2013 3:48,1,4,"43.7049437,-72.28880281",,,,,,,,
118,u08,5,1,05/05/2013 9:20,null,3,"43.7037094,-72.28660102",,,,,,,,
119,u08,1,2,19/05/2013 22:36,1,3,"43.70573461,-72.28972765",,,,,,,,
120,u10,1,2,04/04/2013 2:06,1,3,,,,,,,,,
121,u10,1,2,02/04/2013 4:56,1,2,,,,,,,,,
122,u10,1,2,03/04/2013 2:07,1,2,,,,,,,,,
123,u10,1,2,08/04/2013 1:44,1,2,,,,,,,,,
124,u10,1,2,06/04/2013 2:00,1,3,,,,,,,,,
125,u10,1,2,07/04/2013 1:59,1,2,,,,,,,,,
126,u10,4,1,09/04/2013 2:15,null,2,,,,,,,,,
127,u10,1,2,10/04/2013 5:14,2,2,,,,,,,,,
128,u10,3,1,11/04/2013 3:36,null,2,,,,,,,,,
129,u10,1,2,17/04/2013 2:00,1,2,,,,,,,,,
130,u10,1,2,17/04/2013 5:18,1,1,,,,,,,,,
131,u10,1,2,18/04/2013 2:44,1,4,,,,,,,,,
132,u10,1,2,19/04/2013 4:04,1,2,"43.7050225,-72.28939767",,,,,,,,
133,u10,4,1,22/04/2013 1:55,null,2,"43.70412385,-72.28696992",,,,,,,,
134,u10,1,2,24/04/2013 7:48,1,3,"43.70324408,-72.28961597",,,,,,,,
135,u10,3,1,25/04/2013 5:40,null,2,"43.70297206,-72.28625376",,,,,,,,
136,u10,1,2,29/04/2013 2:16,1,2,"43.70151131,-72.28813703",,,,,,,,
137,u10,3,1,04/05/2013 3:59,null,2,"43.7035419,-72.28496666",,,,,,,,
138,u10,3,1,07/05/2013 0:27,null,1,"43.70651291,-72.28794506",,,,,,,,
139,u10,1,2,15/05/2013 3:57,1,1,"43.70324666,-72.29028792",,,,,,,,
140,u12,3,1,03/04/2013 17:26,2,2,,,,,,,,,
141,u12,1,2,05/04/2013 2:00,1,3,,,,,,,,,
142,u12,4,1,07/04/2013 6:09,null,2,,,,,,,,,
143,u12,1,2,06/04/2013 3:40,1,3,,,,,,,,,
144,u12,3,1,14/04/2013 20:04,2,2,,,,,,,,,
145,u12,1,2,13/04/2013 22:23,1,1,,,,,,,,,
146,u12,1,2,11/04/2013 18:55,1,1,,,,,,,,,
147,u12,1,2,12/04/2013 17:48,1,1,,,,,,,,,
148,u12,3,1,31/05/2013 17:07,2,2,"43.63764029,-72.2483575",,,,,,,,
149,u14,1,2,01/04/2013 20:04,1,1,,,,,,,,,
150,u14,1,2,02/04/2013 4:01,1,3,,,,,,,,,
151,u14,1,2,04/04/2013 2:02,2,5,,,,,,,,,
152,u14,1,2,05/04/2013 2:49,2,5,,,,,,,,,
153,u14,1,2,08/04/2013 0:10,2,5,,,,,,,,,
154,u14,1,2,18/04/2013 3:18,2,5,,,,,,,,,
155,u14,1,2,19/04/2013 4:00,2,5,"43.7054501,-72.28744904",,,,,,,,
156,u14,1,2,30/04/2013 2:00,2,1,"43.70677996,-72.28732886",,,,,,,,
157,u15,4,1,08/04/2013 4:29,2,2,,,,,,,,,
158,u15,4,1,08/04/2013 4:29,2,1,,,,,,,,,
159,u15,5,1,10/04/2013 5:00,2,2,,,,,,,,,
160,u15,5,1,17/04/2013 3:03,2,2,,,,,,,,,
161,u15,5,1,18/04/2013 20:15,2,2,,,,,,,,,
162,u16,1,2,03/04/2013 3:19,1,2,,,,,,,,,
163,u16,3,1,01/04/2013 18:02,null,3,,,,,,,,,
164,u16,3,1,03/04/2013 22:01,null,3,,,,,,,,,
165,u16,3,1,04/04/2013 2:42,null,3,,,,,,,,,
166,u16,1,2,05/04/2013 2:32,2,3,,,,,,,,,
167,u16,3,1,08/04/2013 19:40,null,3,,,,,,,,,
168,u16,3,1,05/04/2013 23:34,null,3,,,,,,,,,
169,u16,1,2,07/04/2013 1:51,2,2,,,,,,,,,
170,u16,1,2,08/04/2013 0:04,2,2,,,,,,,,,
171,u16,5,2,10/04/2013 2:31,2,4,,,,,,,,,
172,u16,1,2,10/04/2013 17:50,1,3,,,,,,,,,
173,u16,1,2,11/04/2013 23:15,2,3,,,,,,,,,
174,u16,1,2,16/04/2013 2:39,null,2,,,,,,,,,
175,u16,5,1,17/04/2013 2:08,null,5,,,,,,,,,
176,u16,1,2,18/04/2013 20:39,2,3,3,,,,,,,,
177,u16,3,1,18/04/2013 2:33,null,4,,,,,,,,,
178,u16,1,2,22/04/2013 4:05,1,2,"43.70388114,-72.29106228",,,,,,,,
179,u16,3,1,20/04/2013 16:47,null,3,"43.70381863,-72.2910568",,,,,,,,
180,u16,1,2,21/04/2013 20:39,1,2,"43.70379379,-72.29137476",,,,,,,,
181,u16,5,1,24/04/2013 6:26,1,5,"43.70374487,-72.29078214",,,,,,,,
182,u16,1,2,26/04/2013 6:14,2,2,"43.70381392,-72.29084126",,,,,,,,
183,u16,1,2,27/04/2013 0:10,1,2,"43.70383449,-72.29122954",,,,,,,,
184,u16,1,2,28/04/2013 0:42,2,2,"43.70376923,-72.29082966",,,,,,,,
185,u16,1,2,29/04/2013 2:01,1,2,"43.70378913,-72.29087644",,,,,,,,
186,u16,1,2,30/04/2013 2:00,2,2,"43.70688467,-72.28732802",,,,,,,,
187,u16,1,1,15/05/2013 4:04,2,2,"43.70391463,-72.28988644",,,,,,,,
188,u16,3,1,16/05/2013 4:33,null,2,"43.70374249,-72.29050587",,,,,,,,
189,u16,1,2,17/05/2013 5:06,2,2,Unknown,,,,,,,,
190,u16,1,2,07/05/2013 0:50,1,2,"43.70695327,-72.28825554",,,,,,,,
191,u16,1,2,12/05/2013 19:15,2,3,Unknown,,,,,,,,
192,u16,4,1,08/05/2013 18:38,null,3,"43.70444528,-72.29050901",,,,,,,,
193,u16,1,2,13/05/2013 19:05,2,3,"43.70339979,-72.28817654",,,,,,,,
194,u16,3,1,17/05/2013 19:25,null,2,Unknown,,,,,,,,
195,u16,1,2,20/05/2013 22:01,2,2,Unknown,,,,,,,,
196,u16,1,2,25/05/2013 20:17,2,2,"43.70392831,-72.29052029",,,,,,,,
197,u16,1,2,26/05/2013 21:22,2,2,"43.70395666,-72.29093617",,,,,,,,
198,u16,1,2,27/05/2013 21:21,2,2,"43.70390249,-72.29064079",,,,,,,,
199,u16,1,2,29/05/2013 22:23,2,1,"43.68753666,-72.29250241",,,,,,,,
200,u17,1,2,03/04/2013 17:41,1,3,,,,,,,,,
201,u17,1,2,09/04/2013 5:54,1,3,,,,,,,,,
202,u17,1,2,09/04/2013 5:54,1,3,,,,,,,,,
203,u17,1,2,09/04/2013 5:54,1,3,,,,,,,,,
204,u17,1,2,09/04/2013 5:54,1,3,,,,,,,,,
205,u17,1,2,09/04/2013 5:54,1,3,,,,,,,,,
206,u17,1,2,13/04/2013 19:32,1,4,,,,,,,,,
207,u17,3,1,15/04/2013 17:48,2,3,,,,,,,,,
208,u17,1,2,17/04/2013 2:31,1,3,,,,,,,,,
209,u17,1,2,16/04/2013 23:51,1,2,,,,,,,,,
210,u17,1,2,19/04/2013 2:36,1,3,"43.70237732,-72.28914013",,,,,,,,
211,u17,1,2,20/04/2013 19:46,1,3,Unknown,,,,,,,,
212,u17,2,1,21/04/2013 10:16,2,3,Unknown,,,,,,,,
213,u17,2,1,21/04/2013 22:10,2,3,Unknown,,,,,,,,
214,u17,1,2,27/04/2013 0:50,1,3,"43.70685225,-72.28683238",,,,,,,,
215,u17,1,2,29/04/2013 4:32,1,3,Unknown,,,,,,,,
216,u17,1,2,28/04/2013 0:23,1,2,"43.70366438,-72.2901632",,,,,,,,
217,u17,1,2,30/04/2013 3:45,1,2,Unknown,,,,,,,,
218,u17,1,2,08/05/2013 0:46,1,2,"43.70177529,-72.28874021",,,,,,,,
219,u17,1,2,26/05/2013 22:06,1,1,Unknown,,,,,,,,
220,u17,1,2,31/05/2013 4:37,1,1,"43.70583041,-72.28925846",,,,,,,,
221,u18,4,1,04/04/2013 3:57,2,3,,,,,,,,,
222,u18,3,1,03/04/2013 2:57,null,3,,,,,,,,,
223,u18,1,2,08/04/2013 4:11,null,1,,,,,,,,,
224,u18,4,1,05/04/2013 18:13,2,2,,,,,,,,,
225,u18,1,2,08/04/2013 4:11,null,2,,,,,,,,,
226,u18,3,1,09/04/2013 4:08,2,3,,,,,,,,,
227,u18,3,1,09/04/2013 23:54,2,2,,,,,,,,,
228,u18,3,1,12/04/2013 2:43,2,3,,,,,,,,,
229,u18,1,2,18/04/2013 17:13,1,2,,,,,,,,,
230,u18,3,1,19/04/2013 3:25,2,3,"43.70264346,-72.28707",,,,,,,,
231,u19,5,1,02/04/2013 4:12,null,2,,,,,,,,,
232,u19,1,2,03/04/2013 2:01,1,3,,,,,,,,,
233,u19,5,1,04/04/2013 8:13,2,3,,,,,,,,,
234,u19,1,2,05/04/2013 1:43,1,3,,,,,,,,,
235,u19,1,2,05/04/2013 2:21,1,1,,,,,,,,,
236,u19,5,1,06/04/2013 3:24,null,3,,,,,,,,,
237,u19,1,2,08/04/2013 8:32,1,2,,,,,,,,,
238,u19,1,2,10/04/2013 5:04,2,3,,,,,,,,,
239,u19,5,1,09/04/2013 3:06,null,2,,,,,,,,,
240,u19,3,1,12/04/2013 7:14,2,2,,,,,,,,,
241,u19,2,1,10/04/2013 0:46,null,3,,,,,,,,,
242,u19,5,1,11/04/2013 9:01,null,3,,,,,,,,,
243,u19,4,1,13/04/2013 1:51,null,3,,,,,,,,,
244,u19,5,1,16/04/2013 3:18,null,2,,,,,,,,,
245,u19,1,2,17/04/2013 2:25,1,3,,,,,,,,,
246,u19,5,1,18/04/2013 3:05,2,3,,,,,,,,,
247,u19,2,1,19/04/2013 4:19,null,3,"43.70576649,-72.28783793",,,,,,,,
248,u19,5,1,21/04/2013 8:13,null,2,"43.7067391,-72.28556913",,,,,,,,
249,u19,5,1,20/04/2013 2:37,null,2,"43.70661361,-72.2859456",,,,,,,,
250,u19,5,1,27/04/2013 3:24,2,2,"43.70708146,-72.2859818",,,,,,,,
251,u19,1,2,24/04/2013 6:00,1,3,"43.70453889,-72.28787543",,,,,,,,
252,u19,4,1,23/04/2013 0:49,null,3,"43.70676468,-72.28542565",,,,,,,,
253,u19,5,1,28/04/2013 23:34,2,2,"43.70670747,-72.28550624",,,,,,,,
254,u19,5,1,30/04/2013 3:04,2,2,"43.70729551,-72.28748503",,,,,,,,
255,u19,3,1,11/05/2013 5:06,2,2,"43.70700456,-72.28598088",,,,,,,,
256,u19,1,2,07/05/2013 0:04,1,2,"43.70727285,-72.28621797",,,,,,,,
257,u19,1,2,03/05/2013 18:49,1,3,"43.70690988,-72.28699822",,,,,,,,
258,u19,4,1,14/05/2013 3:16,2,2,"43.70670191,-72.28568105",,,,,,,,
259,u19,1,2,17/05/2013 4:02,1,2,"43.70709415,-72.28737229",,,,,,,,
260,u19,5,1,05/05/2013 7:53,2,3,"43.70691192,-72.28587513",,,,,,,,
261,u19,5,1,06/05/2013 5:09,2,3,"43.70706308,-72.28596174",,,,,,,,
262,u19,1,2,08/05/2013 0:05,1,3,"43.70733979,-72.28607989",,,,,,,,
263,u19,4,1,04/05/2013 2:47,2,2,"43.70705362,-72.28594706",,,,,,,,
264,u19,1,2,15/05/2013 5:06,1,2,"43.70120165,-72.28667414",,,,,,,,
265,u19,1,2,18/05/2013 22:28,null,2,"43.70680509,-72.28557325",,,,,,,,
266,u19,1,2,18/05/2013 4:11,1,2,"43.70161344,-72.28714129",,,,,,,,
267,u19,4,1,21/05/2013 6:01,2,2,"43.70708213,-72.2859049",,,,,,,,
268,u19,1,2,22/05/2013 8:09,1,2,"43.7040776,-72.29042456",,,,,,,,
269,u19,2,1,23/05/2013 8:02,null,2,"43.7066368,-72.2855942",,,,,,,,
270,u19,1,2,24/05/2013 8:14,1,2,Unknown,,,,,,,,
271,u19,1,2,25/05/2013 20:04,1,1,"43.70706719,-72.28602375",,,,,,,,
272,u19,1,2,26/05/2013 9:52,1,2,"43.70709334,-72.28524117",,,,,,,,
273,u19,1,2,29/05/2013 18:34,1,2,"43.70689977,-72.28714289",,,,,,,,
274,u19,1,2,31/05/2013 7:12,1,2,"43.70696465,-72.28583899",,,,,,,,
275,u20,1,2,02/04/2013 4:00,2,3,,,,,,,,,
276,u20,3,2,03/04/2013 2:21,2,3,,,,,,,,,
277,u20,4,2,08/04/2013 1:45,2,2,,,,,,,,,
278,u22,1,2,02/04/2013 4:43,2,1,,,,,,,,,
279,u22,3,1,03/04/2013 2:29,2,1,,,,,,,,,
280,u22,1,2,04/04/2013 2:01,2,1,,,,,,,,,
281,u22,1,2,06/04/2013 2:15,2,1,,,,,,,,,
282,u22,3,1,04/04/2013 22:14,2,1,,,,,,,,,
283,u22,3,1,05/04/2013 2:00,2,1,,,,,,,,,
284,u22,1,2,07/04/2013 0:51,2,1,,,,,,,,,
285,u22,3,1,08/04/2013 1:36,2,1,,,,,,,,,
286,u22,1,2,08/04/2013 22:29,2,1,,,,,,,,,
287,u22,3,1,15/04/2013 4:34,2,1,,,,,,,,,
288,u22,3,1,09/04/2013 23:56,2,1,,,,,,,,,
289,u22,3,1,12/04/2013 0:56,2,1,,,,,,,,,
290,u22,1,2,11/04/2013 0:07,2,1,,,,,,,,,
291,u22,3,1,17/04/2013 2:24,2,1,,,,,,,,,
292,u22,3,1,19/04/2013 4:00,2,1,"43.70426635,-72.29067159",,,,,,,,
293,u22,3,1,21/04/2013 2:31,2,1,"43.70290451,-72.29009473",,,,,,,,
294,u22,3,1,24/04/2013 7:59,2,1,"43.70440331,-72.29084007",,,,,,,,
295,u22,1,2,27/04/2013 0:00,2,1,"42.34645192,-71.06042379",,,,,,,,
296,u22,3,1,08/05/2013 0:02,2,1,"43.70402702,-72.2905121",,,,,,,,
297,u22,1,2,27/05/2013 20:05,1,1,Unknown,,,,,,,,
298,u23,1,2,02/04/2013 0:30,2,1,,,,,,,,,
299,u23,1,null,02/04/2013 0:30,null,2,,,,,,,,,
300,u23,1,2,02/04/2013 4:15,2,1,,,,,,,,,
301,u23,1,2,03/04/2013 17:35,1,2,,,,,,,,,
302,u23,1,2,03/04/2013 0:43,2,1,,,,,,,,,
303,u23,1,2,04/04/2013 3:54,2,1,,,,,,,,,
304,u23,1,2,05/04/2013 2:01,2,1,,,,,,,,,
305,u23,1,2,06/04/2013 1:10,2,1,,,,,,,,,
306,u23,1,2,07/04/2013 4:15,2,1,,,,,,,,,
307,u23,3,1,08/04/2013 2:53,2,2,,,,,,,,,
308,u23,2,2,08/04/2013 0:01,2,3,,,,,,,,,
309,u23,1,2,10/04/2013 5:00,2,1,,,,,,,,,
310,u23,3,1,14/04/2013 6:00,2,2,,,,,,,,,
311,u23,1,null,17/04/2013 2:15,null,1,,,,,,,,,
312,u23,1,null,19/04/2013 5:33,null,1,"43.70547625,-72.28332242",,,,,,,,
313,u23,1,null,22/04/2013 4:00,null,1,"43.70531979,-72.28326262",,,,,,,,
314,u23,1,null,24/04/2013 5:59,null,1,"43.70550562,-72.28313413",,,,,,,,
315,u24,1,2,01/04/2013 19:06,1,1,,,,,,,,,
316,u24,1,2,03/04/2013 21:35,1,3,,,,,,,,,
317,u24,1,2,05/04/2013 3:43,1,2,,,,,,,,,
318,u24,4,1,07/04/2013 22:06,null,3,,,,,,,,,
319,u24,2,1,12/04/2013 8:14,null,2,,,,,,,,,
320,u24,3,1,12/04/2013 16:55,null,2,,,,,,,,,
321,u24,3,1,13/04/2013 20:58,null,2,,,,,,,,,
322,u24,1,2,14/04/2013 23:01,2,2,,,,,,,,,
323,u24,1,2,18/04/2013 2:00,1,2,,,,,,,,,
324,u25,4,1,02/04/2013 2:16,null,3,,,,,,,,,
325,u25,5,1,04/04/2013 2:36,null,2,,,,,,,,,
326,u25,5,1,05/04/2013 3:42,null,2,,,,,,,,,
327,u25,5,1,08/04/2013 22:13,null,2,,,,,,,,,
328,u25,1,2,22/04/2013 4:08,1,2,"43.70682898,-72.2876686",,,,,,,,
329,u27,1,2,02/04/2013 4:06,1,3,,,,,,,,,
330,u27,1,2,03/04/2013 2:18,1,2,,,,,,,,,
331,u27,1,2,04/04/2013 2:51,2,2,,,,,,,,,
332,u27,1,2,18/04/2013 3:59,1,1,,,,,,,,,
333,u27,1,2,15/04/2013 10:19,2,2,,,,,,,,,
334,u27,1,2,19/04/2013 4:06,1,1,"43.70397962,-72.28593035",,,,,,,,
335,u27,1,2,21/04/2013 2:19,1,1,"43.70387421,-72.28565294",,,,,,,,
336,u27,1,2,22/04/2013 4:19,1,1,"43.70356921,-72.28639414",,,,,,,,
337,u27,1,2,28/04/2013 1:21,1,1,"43.70552478,-72.28974476",,,,,,,,
338,u27,1,2,29/04/2013 2:09,1,1,"43.70401485,-72.28565495",,,,,,,,
339,u27,1,2,04/05/2013 4:44,1,1,"43.70317223,-72.28692052",,,,,,,,
340,u30,1,2,03/04/2013 18:56,1,3,,,,,,,,,
341,u30,1,2,06/04/2013 22:02,1,3,,,,,,,,,
342,u30,1,2,06/04/2013 22:01,1,3,,,,,,,,,
343,u30,3,1,10/04/2013 19:24,null,2,,,,,,,,,
344,u30,1,2,17/04/2013 3:02,1,2,,,,,,,,,
345,u30,3,1,27/04/2013 2:59,null,3,"43.71728912,-72.27389189",,,,,,,,
346,u31,2,2,04/04/2013 2:01,1,3,,,,,,,,,
347,u31,4,1,02/04/2013 1:55,2,2,,,,,,,,,
348,u31,2,2,05/04/2013 2:00,2,2,,,,,,,,,
349,u31,2,2,06/04/2013 2:01,2,3,,,,,,,,,
350,u31,4,1,06/04/2013 22:45,2,4,,,,,,,,,
351,u31,3,2,17/04/2013 2:06,2,2,,,,,,,,,
352,u31,5,1,16/04/2013 2:31,2,5,,,,,,,,,
353,u31,2,2,18/04/2013 2:05,1,2,,,,,,,,,
354,u32,1,2,03/04/2013 2:19,2,2,,,,,,,,,
355,u32,1,2,02/04/2013 4:16,2,1,,,,,,,,,
356,u32,1,2,04/04/2013 3:24,2,2,,,,,,,,,
357,u32,1,2,05/04/2013 4:12,2,2,,,,,,,,,
358,u32,1,2,08/04/2013 0:13,2,2,,,,,,,,,
359,u32,2,1,15/04/2013 7:51,null,2,,,,,,,,,
360,u32,1,2,10/04/2013 7:56,2,2,,,,,,,,,
361,u32,1,2,12/04/2013 17:42,2,2,,,,,,,,,
362,u32,1,2,13/04/2013 7:43,2,2,,,,,,,,,
363,u32,1,2,17/04/2013 8:27,2,2,,,,,,,,,
364,u32,2,1,20/04/2013 17:54,null,2,"43.70587544,-72.2911665",,,,,,,,
365,u32,3,1,21/04/2013 2:50,null,2,"43.70587544,-72.2911665",,,,,,,,
366,u32,1,2,22/04/2013 5:29,2,2,"43.7031993,-72.2904444",,,,,,,,
367,u32,3,1,23/04/2013 4:21,null,2,"43.7031993,-72.2904444",,,,,,,,
368,u32,1,2,29/04/2013 2:21,2,2,"43.70301955,-72.29020739",,,,,,,,
369,u32,1,2,26/04/2013 7:42,2,2,"43.70608389,-72.29104393",,,,,,,,
370,u32,1,2,29/04/2013 2:21,2,2,"43.70301955,-72.29020739",,,,,,,,
371,u32,1,2,08/05/2013 2:16,2,2,"43.70690225,-72.28707856",,,,,,,,
372,u32,1,2,06/05/2013 8:52,2,2,"43.70389513,-72.29041685",,,,,,,,
373,u32,1,2,16/05/2013 4:48,2,2,"43.70333692,-72.29043048",,,,,,,,
374,u32,1,2,19/05/2013 22:31,2,3,Unknown,,,,,,,,
375,u32,1,2,19/05/2013 22:31,2,3,Unknown,,,,,,,,
376,u32,1,2,29/05/2013 21:29,2,2,"43.70602974,-72.28961179",,,,,,,,
377,u32,2,1,28/05/2013 20:13,null,2,"43.70450738,-72.29025958",,,,,,,,
378,u32,3,1,30/05/2013 22:47,2,2,"43.70605254,-72.28941754",,,,,,,,
379,u33,1,2,03/04/2013 2:08,2,1,,,,,,,,,
380,u33,1,2,02/04/2013 4:04,2,2,,,,,,,,,
381,u33,1,2,04/04/2013 5:48,2,3,,,,,,,,,
382,u33,1,2,05/04/2013 2:23,2,2,,,,,,,,,
383,u33,1,2,08/04/2013 0:00,2,1,,,,,,,,,
384,u33,1,2,06/04/2013 1:46,2,3,,,,,,,,,
385,u33,1,2,07/04/2013 0:00,1,2,,,,,,,,,
386,u33,1,2,09/04/2013 6:06,2,3,,,,,,,,,
387,u33,1,2,10/04/2013 5:07,1,2,,,,,,,,,
388,u33,1,2,18/04/2013 5:50,2,3,,,,,,,,,
389,u33,1,2,12/04/2013 5:51,2,3,,,,,,,,,
390,u33,1,2,11/04/2013 5:59,2,3,,,,,,,,,
391,u33,1,2,15/04/2013 12:51,2,1,,,,,,,,,
392,u33,1,2,13/04/2013 3:48,2,3,,,,,,,,,
393,u33,1,2,14/04/2013 4:31,2,1,,,,,,,,,
394,u33,1,2,17/04/2013 2:00,2,1,,,,,,,,,
395,u33,1,2,16/04/2013 11:52,1,3,,,,,,,,,
396,u33,1,2,19/04/2013 4:50,2,3,"43.70746347,-72.28509434",,,,,,,,
397,u33,1,2,20/04/2013 9:43,1,3,"43.70375648,-72.29575915",,,,,,,,
398,u33,1,2,21/04/2013 2:40,2,1,"43.70378828,-72.29600636",,,,,,,,
399,u33,1,2,22/04/2013 4:00,1,3,"43.70364552,-72.29593922",,,,,,,,
400,u33,1,2,24/04/2013 10:05,1,3,"43.70371045,-72.29605661",,,,,,,,
401,u33,1,2,27/04/2013 0:12,1,4,"43.70094652,-72.28957887",,,,,,,,
402,u33,1,2,30/04/2013 2:21,2,2,"43.70489887,-72.29225887",,,,,,,,
403,u33,2,1,08/05/2013 0:21,null,3,"43.70358127,-72.29612226",,,,,,,,
404,u33,1,2,04/05/2013 6:21,2,2,"43.70583433,-72.28880318",,,,,,,,
405,u33,1,2,07/05/2013 1:01,1,3,"43.70353749,-72.29596044",,,,,,,,
406,u33,1,2,07/05/2013 0:21,1,3,"43.70353749,-72.29596044",,,,,,,,
407,u33,1,2,15/05/2013 3:59,1,1,"43.70368448,-72.29611307",,,,,,,,
408,u33,1,2,05/05/2013 4:00,2,2,"43.70583433,-72.28880318",,,,,,,,
409,u33,5,1,13/05/2013 22:28,2,5,"43.70416591,-72.29582511",,,,,,,,
410,u33,1,2,18/05/2013 22:12,2,2,"43.70340016,-72.29598785",,,,,,,,
411,u33,1,2,30/05/2013 2:22,2,3,Unknown,,,,,,,,
412,u33,1,2,31/05/2013 20:56,2,1,"43.70369562,-72.29580718",,,,,,,,
413,u34,1,2,04/04/2013 3:25,2,3,,,,,,,,,
414,u34,3,2,06/04/2013 2:57,2,4,,,,,,,,,
415,u34,1,2,28/04/2013 0:27,2,3,Unknown,,,,,,,,
416,u35,1,2,02/04/2013 4:47,1,2,,,,,,,,,
417,u35,1,2,04/04/2013 2:50,1,2,,,,,,,,,
418,u35,1,2,08/04/2013 5:53,2,2,,,,,,,,,
419,u35,1,2,05/04/2013 3:44,1,3,,,,,,,,,
420,u35,1,2,08/04/2013 5:53,2,4,,,,,,,,,
421,u35,1,2,08/04/2013 5:53,2,2,,,,,,,,,
422,u35,1,2,08/04/2013 5:53,2,4,,,,,,,,,
423,u35,1,2,21/04/2013 22:23,2,4,"43.70554288,-72.28320827",,,,,,,,
424,u35,1,2,27/04/2013 19:04,2,2,"43.70553437,-72.28348632",,,,,,,,
425,u35,5,1,07/05/2013 0:03,2,5,"43.70696392,-72.28734398",,,,,,,,
426,u36,2,2,03/04/2013 2:18,1,2,,,,,,,,,
427,u36,3,2,02/04/2013 6:51,1,2,,,,,,,,,
428,u36,2,2,04/04/2013 2:13,1,2,,,,,,,,,
429,u36,2,2,06/04/2013 2:04,1,2,,,,,,,,,
430,u36,2,2,05/04/2013 2:03,1,2,,,,,,,,,
431,u36,2,2,07/04/2013 0:42,1,2,,,,,,,,,
432,u36,3,2,08/04/2013 0:51,1,3,,,,,,,,,
433,u36,3,2,15/04/2013 23:17,1,3,,,,,,,,,
434,u36,3,2,10/04/2013 5:34,1,3,,,,,,,,,
435,u36,3,2,18/04/2013 2:19,null,3,,,,,,,,,
436,u36,2,2,14/04/2013 2:32,1,2,,,,,,,,,
437,u36,2,2,13/04/2013 3:53,1,2,,,,,,,,,
438,u36,3,2,17/04/2013 2:00,1,3,,,,,,,,,
439,u36,3,1,29/04/2013 4:31,2,3,"43.71658745,-72.27561069",,,,,,,,
440,u36,2,2,28/04/2013 0:11,null,2,"43.70674054,-72.28704712",,,,,,,,
441,u36,2,2,27/04/2013 0:27,1,2,"43.70654909,-72.28710478",,,,,,,,
442,u36,2,2,30/04/2013 2:29,1,2,"43.70666412,-72.28708106",,,,,,,,
443,u36,3,1,01/05/2013 4:37,2,3,"43.7064439,-72.28686698",,,,,,,,
444,u36,2,2,07/05/2013 1:39,1,2,"43.70671604,-72.28706727",,,,,,,,
445,u36,2,1,17/05/2013 4:02,2,2,"43.65178229,-72.30992795",,,,,,,,
446,u36,2,2,16/05/2013 5:46,1,2,"43.70660881,-72.28706869",,,,,,,,
447,u36,2,2,18/05/2013 4:24,2,2,"43.65193359,-72.30987428",,,,,,,,
448,u36,5,1,26/05/2013 21:20,2,5,"43.71412072,-72.28619364",,,,,,,,
449,u36,2,2,27/05/2013 22:43,1,2,"43.70669933,-72.28662273",,,,,,,,
450,u39,1,2,10/04/2013 4:24,2,1,,,,,,,,,
451,u39,1,2,10/04/2013 4:24,2,1,,,,,,,,,
452,u39,1,2,10/04/2013 3:45,2,1,,,,,,,,,
453,u39,1,2,10/04/2013 3:45,2,1,,,,,,,,,
454,u39,1,2,13/04/2013 6:05,2,1,,,,,,,,,
455,u39,1,2,17/04/2013 6:34,2,1,,,,,,,,,
456,u39,1,1,16/04/2013 4:21,1,1,,,,,,,,,
457,u39,1,2,24/04/2013 18:52,2,1,"43.65167079,-72.31001806",,,,,,,,
458,u39,1,2,25/04/2013 20:32,2,1,"43.70691563,-72.28615388",,,,,,,,
459,u41,3,1,04/04/2013 2:03,2,3,,,,,,,,,
460,u42,1,2,03/04/2013 2:41,2,3,,,,,,,,,
461,u42,1,2,04/04/2013 2:10,2,2,,,,,,,,,
462,u42,2,2,06/04/2013 2:57,2,2,,,,,,,,,
463,u42,1,2,22/04/2013 4:12,2,2,"43.65853317,-72.24871692",,,,,,,,
464,u42,1,2,30/04/2013 2:32,2,1,"43.69934723,-72.29020758",,,,,,,,
465,u42,1,2,28/04/2013 0:34,2,2,Unknown,,,,,,,,
466,u42,1,2,29/04/2013 2:00,2,1,"43.65870035,-72.24874161",,,,,,,,
467,u42,1,2,08/05/2013 0:17,2,1,Unknown,,,,,,,,
468,u42,1,2,13/05/2013 19:40,2,5,"43.66723918,-72.25923325",,,,,,,,
469,u42,1,2,13/05/2013 19:40,2,5,"43.66723918,-72.25923325",,,,,,,,
470,u42,1,2,29/05/2013 20:00,2,1,"43.67176007,-72.26386586",,,,,,,,
471,u43,1,2,02/04/2013 4:07,2,3,,,,,,,,,
472,u43,1,2,04/04/2013 2:03,2,2,,,,,,,,,
473,u43,1,2,02/04/2013 1:37,2,3,,,,,,,,,
474,u43,1,2,03/04/2013 2:29,2,2,,,,,,,,,
475,u43,1,2,04/04/2013 0:40,2,2,,,,,,,,,
476,u43,1,2,03/04/2013 19:47,2,3,,,,,,,,,
477,u43,1,2,05/04/2013 2:03,2,2,,,,,,,,,
478,u43,1,2,04/04/2013 23:10,2,2,,,,,,,,,
479,u43,1,2,05/04/2013 20:49,2,3,,,,,,,,,
480,u43,1,2,06/04/2013 4:23,2,3,,,,,,,,,
481,u43,1,2,08/04/2013 23:28,2,3,,,,,,,,,
482,u43,1,2,07/04/2013 0:38,2,3,,,,,,,,,
483,u43,1,2,08/04/2013 1:45,2,3,,,,,,,,,
484,u43,1,2,10/04/2013 7:40,2,3,,,,,,,,,
485,u43,1,2,17/04/2013 23:24,2,3,,,,,,,,,
486,u43,1,2,11/04/2013 5:48,2,3,,,,,,,,,
487,u43,1,2,12/04/2013 2:49,2,3,,,,,,,,,
488,u43,1,2,15/04/2013 2:14,2,3,,,,,,,,,
489,u43,1,2,13/04/2013 5:23,2,2,,,,,,,,,
490,u43,1,2,16/04/2013 3:24,2,2,,,,,,,,,
491,u43,1,2,17/04/2013 2:38,2,2,,,,,,,,,
492,u43,1,2,18/04/2013 2:02,2,3,,,,,,,,,
493,u43,1,2,19/04/2013 4:04,2,3,"43.70568693,-72.29135536",,,,,,,,
494,u43,1,2,27/04/2013 2:55,2,4,"43.70566341,-72.29149906",,,,,,,,
495,u43,1,2,22/04/2013 2:18,2,3,"44.24401313,-69.80753861",,,,,,,,
496,u43,1,2,22/04/2013 4:43,2,3,Unknown,,,,,,,,
497,u43,1,2,24/04/2013 6:31,2,3,"43.70565801,-72.2912266",,,,,,,,
498,u43,1,2,30/04/2013 2:14,2,3,"43.705504,-72.29155831",,,,,,,,
499,u43,1,2,28/04/2013 0:08,2,3,"43.70217417,-72.28803253",,,,,,,,
500,u43,1,2,29/04/2013 5:34,2,3,"42.74186846,-71.20821987",,,,,,,,
501,u43,1,2,04/05/2013 4:00,2,3,"43.70551925,-72.2913828",,,,,,,,
502,u43,1,2,18/05/2013 22:27,2,3,"43.70293815,-72.29076426",,,,,,,,
503,u43,1,2,19/05/2013 22:11,2,3,Unknown,,,,,,,,
504,u43,1,2,25/05/2013 20:00,2,3,"43.70564182,-72.29120936",,,,,,,,
505,u44,3,2,02/04/2013 22:14,1,3,,,,,,,,,
506,u44,1,2,03/04/2013 2:10,2,2,,,,,,,,,
507,u44,1,2,04/04/2013 2:11,2,3,,,,,,,,,
508,u44,1,2,03/04/2013 21:24,2,3,,,,,,,,,
509,u44,1,2,04/04/2013 23:29,2,2,,,,,,,,,
510,u44,1,2,05/04/2013 2:21,2,2,,,,,,,,,
511,u44,1,2,05/04/2013 16:45,2,2,,,,,,,,,
512,u44,1,2,07/04/2013 0:21,2,3,,,,,,,,,
513,u44,1,2,06/04/2013 9:25,2,3,,,,,,,,,
514,u44,1,2,07/04/2013 18:06,2,3,,,,,,,,,
515,u44,1,2,08/04/2013 1:38,2,2,,,,,,,,,
516,u44,1,2,09/04/2013 7:03,2,3,,,,,,,,,
517,u44,1,2,17/04/2013 2:08,2,3,,,,,,,,,
518,u44,1,2,10/04/2013 6:36,2,3,,,,,,,,,
519,u44,1,2,11/04/2013 2:34,2,2,,,,,,,,,
520,u44,1,2,15/04/2013 8:28,2,1,,,,,,,,,
521,u44,3,1,18/04/2013 16:37,2,3,,,,,,,,,
522,u44,3,1,19/04/2013 4:04,2,3,"43.69213733,-72.26689796",,,,,,,,
523,u44,1,2,19/04/2013 21:11,2,3,"43.70311929,-72.28220394",,,,,,,,
524,u44,1,2,21/04/2013 2:14,2,3,"43.70938367,-72.28461173",,,,,,,,
525,u44,1,2,21/04/2013 17:09,2,2,"43.6926262,-72.26656479",,,,,,,,
526,u44,1,2,22/04/2013 4:26,2,3,"43.69210219,-72.26702034",,,,,,,,
527,u44,1,2,24/04/2013 7:06,2,3,"43.69236557,-72.26688975",,,,,,,,
528,u44,1,2,25/04/2013 2:49,2,3,"43.69935873,-72.28135033",,,,,,,,
529,u44,1,2,26/04/2013 3:09,2,3,"43.6920329,-72.26703169",,,,,,,,
530,u44,1,2,27/04/2013 5:08,2,3,"43.69223254,-72.26690047",,,,,,,,
531,u44,1,2,28/04/2013 0:25,2,2,Unknown,,,,,,,,
532,u44,1,2,29/04/2013 2:54,2,2,"43.69149444,-72.26930575",,,,,,,,
533,u44,1,2,01/05/2013 2:36,2,2,"43.69226652,-72.2670805",,,,,,,,
534,u44,1,2,02/05/2013 2:47,2,2,"43.69226178,-72.26680454",,,,,,,,
535,u44,1,2,04/05/2013 3:30,2,2,"43.70976741,-72.28416244",,,,,,,,
536,u44,1,2,09/05/2013 6:08,2,2,"43.69230186,-72.26682816",,,,,,,,
537,u44,1,2,08/05/2013 4:24,2,2,"43.70672846,-72.28635162",,,,,,,,
538,u44,1,2,06/05/2013 1:04,2,2,"43.70697752,-72.28728895",,,,,,,,
539,u44,3,1,10/05/2013 4:47,2,2,"43.69233024,-72.26686976",,,,,,,,
540,u44,1,2,16/05/2013 4:29,2,2,"43.6922921,-72.26685465",,,,,,,,
541,u44,1,2,12/05/2013 4:30,2,2,Unknown,,,,,,,,
542,u44,1,2,17/05/2013 5:56,2,2,"43.69430156,-72.26583813",,,,,,,,
543,u44,1,2,15/05/2013 1:00,2,2,"43.69175278,-72.26719117",,,,,,,,
544,u44,1,2,19/05/2013 1:47,2,2,"43.692126,-72.26679446",,,,,,,,
545,u44,1,2,21/05/2013 5:10,2,2,"43.69227685,-72.26694425",,,,,,,,
546,u44,1,2,22/05/2013 4:58,2,2,"43.69245721,-72.26707397",,,,,,,,
547,u44,1,2,24/05/2013 17:20,2,2,"43.69222786,-72.26719913",,,,,,,,
548,u44,1,2,31/05/2013 21:15,2,2,"43.69232465,-72.26672118",,,,,,,,
549,u45,1,2,02/04/2013 10:42,1,2,,,,,,,,,
550,u45,1,2,04/04/2013 2:30,2,2,,,,,,,,,
551,u45,1,2,05/04/2013 3:06,1,3,,,,,,,,,
552,u45,1,2,06/04/2013 2:01,2,1,,,,,,,,,
553,u45,1,2,22/04/2013 4:29,1,1,"43.71778546,-72.30681569",,,,,,,,
554,u45,2,2,28/04/2013 1:50,1,2,Unknown,,,,,,,,
555,u45,1,2,20/05/2013 22:26,1,2,"43.7008504,-72.28635463",,,,,,,,
556,u46,1,2,03/04/2013 2:14,1,2,,,,,,,,,
557,u46,3,1,02/04/2013 4:03,null,3,,,,,,,,,
558,u46,1,2,01/04/2013 18:35,1,1,,,,,,,,,
559,u46,4,1,04/04/2013 2:20,null,3,,,,,,,,,
560,u46,1,2,05/04/2013 2:00,2,2,,,,,,,,,
561,u46,1,2,08/04/2013 0:20,null,2,,,,,,,,,
562,u46,1,2,07/04/2013 0:23,null,2,,,,,,,,,
563,u46,5,1,09/04/2013 2:49,null,2,,,,,,,,,
564,u46,1,2,10/04/2013 5:33,2,2,,,,,,,,,
565,u46,1,2,15/04/2013 16:34,1,2,,,,,,,,,
566,u46,1,2,19/04/2013 4:15,null,3,"43.70581816,-72.28762381",,,,,,,,
567,u46,1,2,27/04/2013 1:23,2,3,"44.45491021,-73.18366108",,,,,,,,
568,u46,1,2,29/04/2013 2:00,2,3,"43.70528998,-72.29031972",,,,,,,,
569,u47,1,2,02/04/2013 4:31,2,2,,,,,,,,,
570,u47,1,2,19/04/2013 4:09,1,2,"43.702567806467414,-72.28883751668036",,,,,,,,
571,u47,1,2,21/04/2013 2:04,1,2,"43.70685012079775,-72.28665403090417",,,,,,,,
572,u47,1,2,22/04/2013 4:08,1,2,"43.70653114747256,-72.28706650435925",,,,,,,,
573,u47,4,1,28/04/2013 3:10,2,2,"43.705234131775796,-72.28328417055309",,,,,,,,
574,u47,1,2,04/05/2013 4:00,2,4,Unknown,,,,,,,,
575,u47,1,2,18/05/2013 4:01,2,3,Unknown,,,,,,,,
576,u47,1,null,19/05/2013 23:04,null,1,"43.68147579487413,-72.32193337753415",,,,,,,,
577,u47,1,null,28/05/2013 20:00,null,1,"43.681430825963616,-72.32192139141262",,,,,,,,
578,u49,3,1,02/04/2013 4:12,null,2,,,,,,,,,
579,u49,1,2,04/04/2013 2:04,1,2,,,,,,,,,
580,u49,1,2,05/04/2013 2:02,1,2,,,,,,,,,
581,u49,1,2,06/04/2013 2:08,2,2,,,,,,,,,
582,u49,1,2,07/04/2013 0:45,2,2,,,,,,,,,
583,u49,1,2,08/04/2013 0:20,2,2,,,,,,,,,
584,u49,1,2,10/04/2013 5:04,2,2,,,,,,,,,
585,u49,1,2,17/04/2013 2:00,2,1,,,,,,,,,
586,u49,1,2,18/04/2013 4:40,2,2,,,,,,,,,
587,u49,1,2,28/04/2013 0:40,2,1,"43.70731189456981,-72.29060578337602",,,,,,,,
588,u49,3,1,30/04/2013 3:40,2,2,"43.70236269565432,-72.28341078913253",,,,,,,,
589,u49,1,2,29/04/2013 2:27,2,1,Unknown,,,,,,,,
590,u49,1,2,07/05/2013 6:03,2,1,"43.705985547631826,-72.2890841770398",,,,,,,,
591,u49,4,1,10/05/2013 7:57,2,1,"43.707106592105006,-72.29073445234907",,,,,,,,
592,u49,1,2,05/05/2013 4:23,2,1,"43.70311076889067,-72.29034101735787",,,,,,,,
593,u49,1,2,08/05/2013 2:02,2,1,"43.70663268030553,-72.29093938341686",,,,,,,,
594,u49,1,2,15/05/2013 4:01,1,1,"43.7059528775494,-72.28796572137354",,,,,,,,
595,u49,2,1,04/05/2013 5:14,2,1,"43.707193056579484,-72.29060547563812",,,,,,,,
596,u49,1,2,13/05/2013 2:53,2,1,"43.63363720299468,-72.21116594197632",,,,,,,,
597,u49,1,2,18/05/2013 22:24,2,1,"43.707252284293055,-72.29079785832832",,,,,,,,
598,u49,1,2,18/05/2013 6:33,2,1,"43.7071803391446,-72.29073719551904",,,,,,,,
599,u49,4,1,21/05/2013 3:30,2,1,"43.70711113605721,-72.2909021265177",,,,,,,,
600,u49,3,1,24/05/2013 6:28,2,1,"43.70714202777838,-72.29071285135586",,,,,,,,
601,u49,1,2,25/05/2013 22:37,2,1,"43.706969888401865,-72.29062563084044",,,,,,,,
602,u49,1,2,30/05/2013 20:03,2,1,"43.70722963681916,-72.29095809155727",,,,,,,,
603,u50,2,2,04/04/2013 3:40,2,2,,,,,,,,,
604,u50,2,2,05/04/2013 2:56,2,2,,,,,,,,,
605,u50,2,1,07/04/2013 2:01,1,2,,,,,,,,,
606,u50,2,2,10/04/2013 5:13,2,2,,,,,,,,,
607,u50,2,2,15/05/2013 5:12,2,2,"43.7066062,-72.28694131",,,,,,,,
608,u51,3,2,03/04/2013 5:02,1,3,,,,,,,,,
609,u51,3,2,02/04/2013 4:00,1,3,,,,,,,,,
610,u51,3,2,06/04/2013 3:17,2,1,,,,,,,,,
611,u51,3,2,05/04/2013 2:57,2,1,,,,,,,,,
612,u51,3,2,08/04/2013 0:46,2,3,,,,,,,,,
613,u51,3,2,10/04/2013 5:16,1,3,,,,,,,,,
614,u51,3,2,17/04/2013 3:05,2,3,,,,,,,,,
615,u51,3,2,19/04/2013 4:00,1,3,"43.70629349,-72.2869845",,,,,,,,
616,u51,3,2,21/04/2013 2:08,2,3,"43.70835688,-72.28276783",,,,,,,,
617,u51,3,2,24/04/2013 17:26,1,3,"43.69653151,-72.28429978",,,,,,,,
618,u51,3,2,15/05/2013 5:00,1,3,"43.70664139,-72.28665635",,,,,,,,
619,u51,1,2,08/05/2013 1:18,2,1,Unknown,,,,,,,,
620,u51,3,2,04/05/2013 5:31,2,1,"43.64675373,-72.30988564",,,,,,,,
621,u51,1,2,05/05/2013 23:55,2,1,"42.03807185,-72.61743268",,,,,,,,
622,u51,1,2,17/05/2013 5:11,2,1,"43.70526533,-72.29056337",,,,,,,,
623,u51,1,2,18/05/2013 23:58,2,1,"43.70640288,-72.28703686",,,,,,,,
624,u51,1,2,18/05/2013 23:58,2,1,"43.70640288,-72.28703686",,,,,,,,
625,u51,1,2,27/05/2013 20:00,2,1,"43.69813972,-72.28405345",,,,,,,,
626,u51,1,2,26/05/2013 23:12,2,1,"44.8133656,-71.88147691",,,,,,,,
627,u51,1,2,26/05/2013 23:12,2,1,"43.6285899,-72.32269504",,,,,,,,
628,u51,1,2,31/05/2013 20:08,2,1,"43.70419424,-72.28832947",,,,,,,,
629,u52,1,2,03/04/2013 2:27,2,3,,,,,,,,,
630,u52,1,2,04/04/2013 2:38,2,1,,,,,,,,,
631,u52,1,2,06/04/2013 18:55,2,1,,,,,,,,,
632,u52,1,2,06/04/2013 3:10,2,1,,,,,,,,,
633,u52,1,2,05/04/2013 15:02,2,1,,,,,,,,,
634,u52,1,2,07/04/2013 0:48,2,2,,,,,,,,,
635,u52,1,2,08/04/2013 0:47,2,2,,,,,,,,,
636,u52,1,2,17/04/2013 3:54,2,3,,,,,,,,,
637,u52,1,2,18/04/2013 2:49,2,2,,,,,,,,,
638,u52,1,2,28/04/2013 0:31,2,1,"43.704733966666666,-72.28868481666666",,,,,,,,
639,u53,3,1,02/04/2013 8:35,null,2,,,,,,,,,
640,u53,1,2,03/04/2013 2:00,1,1,,,,,,,,,
641,u53,1,2,04/04/2013 2:18,1,2,,,,,,,,,
642,u53,1,2,05/04/2013 2:21,2,1,,,,,,,,,
643,u53,1,2,06/04/2013 3:05,2,1,,,,,,,,,
644,u53,1,2,06/04/2013 3:05,1,4,,,,,,,,,
645,u53,1,2,07/04/2013 3:56,2,1,,,,,,,,,
646,u53,1,2,08/04/2013 17:19,2,1,,,,,,,,,
647,u53,1,2,13/04/2013 22:54,2,1,,,,,,,,,
648,u53,1,2,18/04/2013 2:18,2,1,,,,,,,,,
649,u53,2,1,19/04/2013 6:56,null,2,"43.70258733,-72.28374163",,,,,,,,
650,u53,1,2,19/04/2013 5:19,2,2,"43.70552167,-72.2830477",,,,,,,,
651,u53,2,1,28/04/2013 8:07,2,3,"43.70603783,-72.28336171",,,,,,,,
652,u53,1,2,24/04/2013 10:12,2,2,"43.70542597,-72.28318778",,,,,,,,
653,u53,1,2,29/04/2013 1:42,2,2,"43.70545297,-72.28328993",,,,,,,,
654,u53,1,2,05/05/2013 4:19,2,2,"43.70537434,-72.28318822",,,,,,,,
655,u53,1,2,07/05/2013 0:34,2,3,"43.70751488,-72.28536136",,,,,,,,
656,u53,1,2,17/05/2013 4:48,2,1,"43.70558555,-72.28313672",,,,,,,,
657,u53,1,2,16/05/2013 4:06,2,2,"43.70542822,-72.28305246",,,,,,,,
658,u53,1,2,29/05/2013 21:13,2,2,"43.70565067,-72.28319189",,,,,,,,
659,u53,1,2,28/05/2013 20:47,2,2,"43.70533454,-72.28299423",,,,,,,,
660,u54,5,1,07/04/2013 21:04,2,5,,,,,,,,,
661,u54,1,2,30/04/2013 2:35,2,2,"43.70579093,-72.2916513",,,,,,,,
662,u56,2,1,08/04/2013 0:41,2,1,,,,,,,,,
663,u56,1,2,17/04/2013 2:17,1,2,,,,,,,,,
664,u56,1,2,24/04/2013 6:10,1,3,"43.71655956,-72.30945355",,,,,,,,
665,u57,5,1,02/04/2013 4:00,null,4,,,,,,,,,
666,u57,4,1,03/04/2013 3:10,null,3,,,,,,,,,
667,u57,4,1,04/04/2013 3:10,null,4,,,,,,,,,
668,u57,4,1,05/04/2013 2:17,null,4,,,,,,,,,
669,u57,5,1,08/04/2013 0:03,null,2,,,,,,,,,
670,u57,1,2,06/04/2013 2:08,1,3,,,,,,,,,
671,u57,5,1,07/04/2013 0:07,null,2,,,,,,,,,
672,u57,1,2,10/04/2013 5:01,2,3,,,,,,,,,
673,u57,4,1,12/04/2013 5:02,2,3,,,,,,,,,
674,u57,3,1,13/04/2013 6:03,2,3,,,,,,,,,
675,u57,4,1,16/04/2013 4:07,null,4,,,,,,,,,
676,u57,1,2,17/04/2013 3:51,1,3,,,,,,,,,
677,u57,4,1,19/04/2013 4:00,null,3,"43.70699504,-72.28855071",,,,,,,,
678,u57,1,2,21/04/2013 2:00,1,2,"43.81237747,-72.18886948",,,,,,,,
679,u57,1,2,22/04/2013 5:08,1,2,"43.70635188,-72.2869814",,,,,,,,
680,u57,1,2,24/04/2013 6:00,1,3,"43.70710105,-72.28877711",,,,,,,,
681,u57,1,2,27/04/2013 0:07,1,3,"43.70712028,-72.28906509",,,,,,,,
682,u57,2,1,28/04/2013 0:02,2,3,"43.70616713,-72.28704858",,,,,,,,
683,u57,1,2,29/04/2013 2:04,1,2,"43.70378547,-72.29036229",,,,,,,,
684,u57,4,1,30/04/2013 4:04,null,4,"43.70278597,-72.29093312",,,,,,,,
685,u57,4,1,07/05/2013 0:03,2,3,"43.70718012,-72.28882735",,,,,,,,
686,u57,1,2,08/05/2013 0:07,2,3,"43.70646031,-72.2900943",,,,,,,,
687,u57,1,2,05/05/2013 4:07,2,3,"43.70255288,-72.28983647",,,,,,,,
688,u57,1,2,04/05/2013 4:10,1,3,"43.70644383,-72.28693503",,,,,,,,
689,u57,1,2,17/05/2013 4:08,1,4,"43.70316512,-72.29094043",,,,,,,,
690,u57,1,2,15/05/2013 4:06,1,3,"43.70202283,-72.28836255",,,,,,,,
691,u57,3,1,18/05/2013 4:00,2,3,"43.70704942,-72.28856556",,,,,,,,
692,u57,1,2,30/05/2013 20:00,1,2,"43.70699711,-72.28881796",,,,,,,,
693,u57,1,2,25/05/2013 20:25,2,3,"43.70653778,-72.28714271",,,,,,,,
694,u57,1,2,28/05/2013 20:34,2,2,"43.70625996,-72.28688972",,,,,,,,
695,u57,4,1,03/06/2013 23:03,null,3,"43.70487483,-72.28075722",,,,,,,,
696,u57,3,1,02/06/2013 23:02,2,3,"43.66400198,-72.30431921",,,,,,,,
697,u58,4,1,02/04/2013 4:00,null,1,,,,,,,,,
698,u58,4,1,05/04/2013 2:39,null,3,,,,,,,,,
699,u58,3,2,08/04/2013 1:46,1,2,,,,,,,,,
700,u58,5,1,10/04/2013 5:02,2,3,,,,,,,,,
701,u58,5,1,17/04/2013 2:04,null,3,,,,,,,,,
702,u58,1,2,18/04/2013 2:43,2,3,,,,,,,,,
703,u58,1,2,19/04/2013 5:52,1,3,"43.70613747,-72.28341241",,,,,,,,
704,u58,5,1,21/04/2013 4:34,null,5,"43.7061514,-72.28332667",,,,,,,,
705,u58,1,2,22/04/2013 1:53,1,2,"43.70626921,-72.28337803",,,,,,,,
706,u58,1,2,22/04/2013 4:15,1,2,"43.70625615,-72.28323149",,,,,,,,
708,u58,5,1,23/04/2013 6:04,null,5,"43.70623236,-72.2830828",,,,,,,,
709,u58,5,1,24/04/2013 5:00,null,5,"43.7061263,-72.28350977",,,,,,,,
707,u58,5,1,24/04/2013 7:51,null,5,"43.7062471,-72.28322079",,,,,,,,
710,u58,3,1,28/04/2013 2:11,2,2,"43.70611602,-72.28317591",,,,,,,,
715,u58,3,1,04/05/2013 4:14,null,3,"43.70610769,-72.28320694",,,,,,,,
712,u58,5,1,05/05/2013 5:05,null,5,"43.70603328,-72.28336464",,,,,,,,
713,u58,3,1,07/05/2013 0:14,null,2,"43.70601095,-72.28337169",,,,,,,,
714,u58,1,2,11/05/2013 2:01,1,2,"43.70613712,-72.28339552",,,,,,,,
711,u58,1,2,13/05/2013 3:45,2,3,"43.70647378,-72.28294033",,,,,,,,
717,u58,1,2,16/05/2013 5:22,2,2,Unknown,,,,,,,,
716,u58,1,2,17/05/2013 4:19,2,4,"43.70614076,-72.28333241",,,,,,,,
718,u58,4,1,18/05/2013 5:41,null,2,"43.70579923,-72.28339861",,,,,,,,
719,u58,1,2,19/05/2013 22:15,null,1,"43.7061924,-72.28343594",,,,,,,,
721,u58,1,2,28/05/2013 7:45,1,4,"43.70616772,-72.28339555",,,,,,,,
720,u58,1,2,28/05/2013 22:13,1,4,"43.70616098,-72.28301592",,,,,,,,
722,u58,1,2,29/05/2013 20:12,2,3,"43.70618821,-72.28324607",,,,,,,,
723,u58,1,2,30/05/2013 20:02,2,1,"43.7079224,-72.28383182",,,,,,,,
724,u58,1,2,31/05/2013 20:23,2,1,"43.70630987,-72.28340771",,,,,,,,
726,u58,1,2,01/06/2013 20:26,2,4,"43.7064518,-72.28345807",,,,,,,,
725,u58,1,2,02/06/2013 21:04,2,1,"43.70627673,-72.28355468",,,,,,,,
727,u59,4,1,02/04/2013 6:53,1,2,,,,,,,,,
728,u59,1,2,02/04/2013 4:34,1,3,,,,,,,,,
729,u59,1,2,03/04/2013 3:57,1,4,,,,,,,,,
730,u59,1,2,04/04/2013 2:28,1,3,,,,,,,,,
731,u59,1,2,04/04/2013 9:56,1,4,,,,,,,,,
732,u59,1,2,05/04/2013 2:04,1,3,,,,,,,,,
733,u59,1,2,07/04/2013 0:13,1,3,,,,,,,,,
734,u59,1,2,07/04/2013 8:07,1,4,,,,,,,,,
735,u59,1,2,06/04/2013 2:01,1,3,,,,,,,,,
736,u59,1,2,08/04/2013 0:01,1,3,,,,,,,,,
737,u59,1,2,08/04/2013 6:01,1,3,,,,,,,,,
738,u59,1,2,09/04/2013 8:09,1,3,,,,,,,,,
739,u59,1,2,10/04/2013 5:05,1,1,,,,,,,,,
740,u59,1,2,12/04/2013 3:55,2,3,,,,,,,,,
741,u59,1,2,14/04/2013 0:09,1,2,,,,,,,,,
742,u59,1,2,14/04/2013 20:05,2,3,,,,,,,,,
743,u59,1,2,17/04/2013 2:14,1,3,,,,,,,,,
744,u59,1,2,18/04/2013 2:00,1,3,,,,,,,,,
745,u59,1,2,19/04/2013 16:01,1,4,"43.70400148909539,-72.28680146858096",,,,,,,,
746,u59,1,2,21/04/2013 9:44,2,4,"43.70409922208637,-72.28208472020924",,,,,,,,
747,u59,1,2,22/04/2013 4:00,1,3,"43.70345394127071,-72.29087851010263",,,,,,,,
748,u59,1,2,24/04/2013 2:28,1,3,Unknown,,,,,,,,
749,u59,1,2,24/04/2013 6:05,1,3,"43.702806774526834,-72.29073786176741",,,,,,,,
750,u59,1,2,26/04/2013 4:38,1,3,"43.705345443449914,-72.29143733158708",,,,,,,,
751,u59,1,2,28/04/2013 0:03,1,2,Unknown,,,,,,,,
752,u59,1,2,27/04/2013 0:21,1,3,"43.70476709213108,-72.2879319358617",,,,,,,,
753,u59,1,2,29/04/2013 8:16,1,4,"43.706689733080566,-72.28658253327012",,,,,,,,
754,u59,1,2,04/05/2013 4:01,1,3,"43.70586520526558,-72.29101865552366",,,,,,,,
755,u59,1,2,15/05/2013 6:05,1,4,Unknown,,,,,,,,
756,u59,1,2,20/05/2013 20:48,1,3,"43.70559212286025,-72.29091203771532",,,,,,,,
757,u59,1,2,22/05/2013 5:39,2,3,"43.70286435820162,-72.28974292986095",,,,,,,,
758,u59,1,2,25/05/2013 20:37,2,,,,,,,,,,
759,u59,1,2,28/05/2013 20:06,1,3,"43.70560381561518,-72.29110607877374",,,,,,,,
760,u59,1,2,29/05/2013 20:08,1,2,Unknown,,,,,,,,
761,u59,1,2,02/06/2013 21:30,1,3,"29.902878901921213,-90.02735710702837",,,,,,,,
762,u59,3,1,06/06/2013 10:22,null,2,"29.90286414977163,-90.02727756276727",,,,,,,,
